fixed acidity,volatile acidity,citric acid,residual sugar,chlorides,free sulfur dioxide,total sulfur dioxide,density,pH,sulphates,alcohol,quality
5.9,0.4451,0.1813,2.049401312,0.07057449,16.59381751,42.27,0.9982,3.27,0.71,8.64,7
8.4,0.5768,0.2099,3.109590324,0.101681449,22.55551937,16.01,0.996,3.35,0.57,10.03,8
7.54,0.5918,0.3248,3.673744381,0.072415534,9.316866116,35.52,0.999,3.31,0.64,9.23,8
5.39,0.4201,0.3131,3.371814589,0.072754522,18.21229953,41.97,0.9945,3.34,0.55,14.07,9
6.51,0.5675,0.194,4.404723422,0.066378587,9.360591275,46.27,0.9925,3.27,0.45,11.49,8
9.18,0.3332,0.2476,2.633491249,0.082304156,12.23217008,51.05,0.9965,3.4,0.63,10.82,8
4.29,0.4997,0.2932,3.781843839,0.079648506,10.15238906,44.26,0.9969,3.47,0.44,9.76,7
6.69,0.4066,0.2896,1.340813226,0.083252703,11.33020026,29.39,0.9999,3.14,0.68,8.88,7
8.72,0.4392,0.1886,3.370501891,0.082057231,18.14581024,38.49,0.9947,3.27,0.59,10.51,8
6.16,0.3924,0.283,2.290364657,0.048850386,15.51735907,58.29,0.9969,3.37,0.51,9.96,7
6.39,0.5754,0.2396,2.353328689,0.092976939,8.063702503,54.67,0.9981,3.43,0.57,10.52,8
7.09,0.5754,0.3299,3.880591232,0.052154471,8.513013523,36.79,0.9965,3.23,0.46,11.89,9
8.99,0.4509,0.26,3.468638877,0.073986865,21.7895795,39,0.9964,3.32,0.49,10.23,9
6.43,0.5576,0.288,2.331870788,0.105028306,7.027135583,47.01,0.9933,3.07,0.59,7.91,6
6.67,0.5461,0.2645,5.052230163,0.091907791,22.40042655,30.57,0.9979,3.25,0.82,10.1,8
6.68,0.5072,0.3033,3.758829699,0.110642389,11.05374706,41.01,0.996,3.5,0.54,11.57,9
9.85,0.7358,0.2316,2.058230706,0.070405144,15.25192471,50.26,1.0006,3.3,0.69,7.89,7
9.82,0.4359,0.3034,0.077155771,0.068898597,16.10888548,29.92,0.9985,3.1,0.43,7.65,7
8.4,0.5214,0.3304,2.77781194,0.103512497,12.59302401,53.64,0.995,3.39,0.64,12.43,9
7.66,0.4818,0.3618,2.108944835,0.083009381,17.82769274,39.33,0.9948,3.29,0.5,10.79,8
8.08,0.4828,0.3492,1.873461345,0.121540182,13.78816591,34.63,0.9934,3.35,0.72,12.16,9
8.99,0.5359,0.2432,2.004387841,0.061589639,10.61759227,23.41,0.996,3.34,0.45,9.52,8
6.08,0.4906,0.2989,2.6531314,0.094666034,11.02729946,43.73,0.9981,3.32,0.74,8.38,6
8.61,0.434,0.3104,3.814912513,0.092721688,13.3688987,43.33,0.997,3.22,0.66,10.23,9
5.7,0.5324,0.2995,1.519681774,0.103826313,22.9570074,27.32,0.9985,3.14,0.35,12.6,8
6.43,0.6382,0.3077,2.429619653,0.092478563,15.0874294,16.69,0.9948,3.31,0.52,8.48,7
8.29,0.6143,0.2912,2.298248881,0.094213623,11.93813399,35.77,0.9983,3.39,0.55,10.1,8
5.49,0.5403,0.2427,1.676226448,0.083518971,8.861215852,25.05,0.9959,3.22,0.48,13.39,9
7.03,0.4465,0.2804,2.781295785,0.099743984,14.79286722,20.52,0.9985,3.22,0.67,10.01,8
6.17,0.5386,0.3123,4.272111339,0.07073706,12.29457899,39.74,0.993,3.35,0.78,9.61,8
6.89,0.6285,0.2931,3.116178612,0.098682347,3.980429158,36.78,0.9946,3.49,0.75,10.79,8
3.84,0.6391,0.2152,2.571113972,0.117740023,17.58043664,31.18,0.9946,3.47,0.86,11.25,7
5.07,0.556,0.2261,2.061217819,0.066203868,18.88156812,29.59,0.9976,3.19,0.4,13.96,9
6.36,0.4836,0.2495,2.54678735,0.094338344,17.66570285,43.06,0.9928,3.36,0.44,11.52,8
8.31,0.4997,0.2598,0.782457053,0.088849522,24.16221072,41.54,0.9958,3.32,0.58,11.24,8
6.99,0.5972,0.2779,2.439822007,0.061369783,17.05909264,52.01,0.9983,3.34,0.71,10.07,8
7.2,0.5886,0.2211,2.306700237,0.082253318,13.48106466,38.27,0.9975,3.29,0.68,10.02,8
8.03,0.3442,0.3097,2.97735281,0.098140845,17.78661257,20.06,0.9961,3.25,0.6,10.24,8
6.14,0.5859,0.1771,3.4485047,0.095455001,19.17333879,32.94,0.999,3.42,0.63,12.26,9
7.54,0.5911,0.2964,3.245329422,0.062791418,14.57607528,30.16,0.9969,3.21,0.63,11.35,9
6.23,0.4313,0.2953,2.36806277,0.085652441,16.36872271,38.24,0.9966,3.33,0.87,9,7
5.13,0.4435,0.3022,1.982590731,0.089597887,14.46537062,26.32,0.9955,3.47,0.75,12.45,8
6.73,0.4443,0.1167,1.872606927,0.098495218,21.92075006,26.11,0.9996,3.3,0.61,13.53,9
7.89,0.452,0.2025,1.718294099,0.081148227,21.42893872,27.33,0.9992,3.36,0.51,12.72,9
7.61,0.3783,0.2524,1.884935162,0.068868165,13.89868558,36.73,0.9967,3.42,0.39,11.4,8
7.19,0.5513,0.2784,2.376872569,0.102446914,11.12658576,46.29,0.9968,3.22,0.67,9.7,8
10.07,0.4414,0.2659,1.279747951,0.058569341,14.56295715,35.51,0.9964,3.2,0.59,12.83,10
7.7,0.513,0.2293,2.943228591,0.067314794,6.765770592,36.12,0.9961,3.21,0.73,8.63,7
8.37,0.4702,0.3342,2.391492795,0.09544259,18.9084297,53.88,0.9957,3.5,0.69,11.38,9
9.89,0.5455,0.2862,1.665114263,0.086659967,19.48908639,52.96,0.9971,3.26,0.56,9.94,8
5.65,0.4189,0.2503,1.859870326,0.083037395,9.91227846,38.58,0.9945,3.31,0.74,7.75,6
5.95,0.5445,0.2206,3.338910112,0.063999288,19.29034108,31.49,0.9944,3.24,0.87,10.99,8
9.29,0.559,0.2734,3.404153285,0.098334934,13.9355161,46.79,0.9943,3.22,0.47,12.66,10
6.24,0.6028,0.3329,4.88872128,0.091569249,24.47246185,40.03,0.9978,3.26,0.61,10.57,8
7.24,0.7168,0.2718,3.067122842,0.11909181,26.8226265,53.4,0.9921,3.42,0.61,11.24,9
8.48,0.3108,0.2684,1.824394872,0.094007154,13.93050471,43.03,0.9995,3.33,0.68,8.85,7
8.27,0.552,0.2733,1.778854219,0.05232518,7.440182151,33.22,0.9948,3.35,0.79,10.11,8
9.31,0.4491,0.276,2.889152207,0.082104865,21.43362419,33.41,0.9936,3.26,0.54,8.03,7
8.99,0.3275,0.2583,3.305636653,0.078226769,23.9131618,48.66,0.9959,3.37,0.65,10.76,9
8.48,0.6042,0.2214,3.907746536,0.076863226,18.945438,35.82,0.9939,3.34,0.35,11.05,9
6.27,0.6532,0.3465,1.625774069,0.076022263,15.20621276,31.58,0.9947,3.17,0.65,8.82,7
8.15,0.4808,0.3019,2.600979602,0.083295346,20.65481435,58.01,0.9951,3.35,0.63,10.02,8
7.58,0.5411,0.3759,1.338407484,0.065217772,9.348826922,28.67,0.9958,3.2,0.66,11.9,8
5.61,0.5136,0.2949,2.879874696,0.048206628,20.52495985,26.98,0.9918,3.39,0.55,12.77,8
8.9,0.5634,0.2584,1.486602107,0.088167482,11.4755924,44.38,0.9968,3.3,0.75,8.72,7
8.17,0.6081,0.2227,3.955274358,0.101895038,14.05988025,35.2,0.9948,3.21,0.62,12.91,10
7.25,0.5545,0.2535,1.721984331,0.089206478,21.50771223,43.33,0.9921,3.35,0.46,11.19,8
6.92,0.5546,0.2124,3.109133662,0.085904319,21.34608763,36.72,0.9962,3.21,0.54,12.61,9
5.76,0.646,0.3749,2.651129106,0.06462998,14.26962421,41.43,0.9997,3.34,0.67,9.29,7
7.44,0.5035,0.2691,2.549084608,0.097249252,11.80893285,39.45,0.9925,3.15,0.68,8.51,7
7.76,0.6123,0.3093,0.695726695,0.040637017,15.70127379,34.17,0.9956,3.33,0.55,11.55,8
6.2,0.4378,0.3181,2.408897087,0.120716539,10.56749616,47.54,0.9962,3.35,0.59,10.68,7
8.59,0.6807,0.324,1.520449122,0.068921716,21.06363574,37.06,0.9987,3.2,0.55,8.86,7
5.88,0.5938,0.3974,1.914999923,0.094270234,11.65142897,41.05,0.9939,3.2,0.41,11.84,8
4.65,0.4796,0.2652,2.988720979,0.07084764,9.951947612,44.72,0.998,3.21,0.6,10.79,8
8.45,0.3085,0.2609,5.217428733,0.082157007,19.38360272,33.23,0.9945,3.18,0.5,10.15,9
6.72,0.52,0.2782,4.398205964,0.073152125,16.79028655,39.58,0.9976,3.31,0.51,7.88,7
7.05,0.4018,0.3074,3.016636199,0.039946922,11.98056362,50.14,0.9982,3.25,0.56,11.3,8
6.19,0.55,0.2789,2.885392765,0.09256554,12.30853623,39.19,0.9952,3.21,0.51,11.34,8
5.27,0.6651,0.2566,2.149166089,0.058617274,13.91979867,44.66,0.9935,3.32,0.49,10.05,7
8.71,0.536,0.2342,1.498964884,0.05700611,10.48222623,38.19,0.9966,3.16,0.68,9.16,8
6.37,0.5022,0.2313,2.942974744,0.070279725,15.88017565,44.36,0.9963,3.33,0.45,10.64,8
9.19,0.5542,0.2835,2.055551783,0.074286633,13.99314536,34.67,0.9936,3.43,0.52,13.78,10
8.17,0.5486,0.2201,4.256205799,0.087034308,6.79891768,40.25,0.9967,3.53,0.52,12.39,10
6.82,0.2837,0.1793,4.646384552,0.069779928,12.91889413,49.17,0.9959,3.21,0.68,9.61,8
5.9,0.5441,0.2758,4.640420777,0.133655759,22.13850351,53.39,0.9959,3.21,0.68,11.1,8
6.32,0.582,0.3281,1.864503435,0.049203244,10.35413936,38.3,0.9962,3.17,0.79,10.02,7
5.74,0.4941,0.3031,1.992732619,0.073479112,12.04256039,39.32,0.996,3.47,0.56,11.32,8
9.7,0.6179,0.2691,1.289081113,0.089711035,12.99462924,39.15,0.9949,3.48,0.59,11.83,9
7.4,0.5072,0.2902,3.148398075,0.101763982,14.46141008,47.62,0.9972,3.47,0.52,13.42,10
8.58,0.5967,0.1876,1.645164334,0.092579206,8.094485907,21.02,0.9939,3.24,0.53,10.87,8
5.68,0.7473,0.2355,1.896226633,0.096932776,11.07526155,52.52,0.9999,3.47,0.78,7.48,6
7.42,0.5104,0.3539,1.612430383,0.066136022,14.04013975,27.73,0.9905,3.28,0.5,10.47,8
8.61,0.3258,0.3292,1.94316656,0.091904998,18.10048704,35.37,0.9976,3.12,0.62,8.87,8
6.8,0.4863,0.2344,4.153725892,0.106056091,17.52152562,49.6,0.9977,3.12,0.62,10.4,8
8.44,0.3474,0.3577,0.033332932,0.089849643,16.22123821,39.88,0.9954,3.35,0.61,11.09,8
5.9,0.5811,0.2341,3.025892821,0.127893618,16.24637013,40.44,0.9936,3.15,0.55,12.13,9
5.56,0.6509,0.2288,1.693601354,0.078812173,10.14521337,41.7,0.9961,3.39,0.75,12.89,8
7.66,0.5896,0.3468,4.844212723,0.073391234,5.407589512,42.86,0.9941,3.4,0.7,12.42,10
6.74,0.552,0.3354,3.327985527,0.045584038,7.931084804,37.59,0.9954,3.48,0.56,9.71,7
7.97,0.4555,0.2406,1.481249003,0.071196262,16.77090783,38.57,0.9942,3.25,0.8,9.27,7
4.83,0.6776,0.2675,1.889250676,0.090266028,17.37037176,51.58,0.998,3.21,0.69,10.65,7
8.05,0.5953,0.2529,1.930069129,0.097931094,10.10526507,50.95,0.9959,3.22,0.62,11.37,8
10.32,0.5484,0.2952,3.650657995,0.107942603,23.36417632,62.9,0.9983,3.29,0.45,12.38,10
7.17,0.5405,0.3484,4.194467402,0.084406204,23.19444719,54.96,0.9959,3.23,0.65,9.86,8
7.24,0.5312,0.2966,2.65361751,0.068619537,10.67998033,46.83,0.9925,3.28,0.67,10.35,8
7.42,0.5652,0.2643,2.356778924,0.053629914,15.46099909,48.5,0.9963,3.41,0.62,9.91,8
4.97,0.4587,0.2027,3.543745011,0.076356338,20.37911733,45.81,0.9988,3.28,0.59,9.02,7
7.71,0.6725,0.3089,2.527361259,0.059464801,22.45634967,41.76,0.9957,3.21,0.6,11.52,8
5.27,0.5352,0.2089,2.967955916,0.076001466,16.13489391,27.6,0.9935,3.3,0.63,10.97,7
6.69,0.58,0.2606,2.721304047,0.052241744,12.58256626,43.26,0.9953,3.18,0.63,11.67,8
8.69,0.4766,0.3179,1.711741183,0.072912961,17.92147396,33.3,0.9937,3.3,0.67,10.78,8
6.32,0.5575,0.3106,3.863263053,0.067361944,17.55305271,44.8,0.9979,3.43,0.48,10.76,8
7.8,0.2918,0.3119,1.908140525,0.100386163,23.61715814,49.34,0.9937,3.23,0.61,12.01,9
8.42,0.4082,0.3049,4.437799249,0.056607804,18.84804676,24.59,0.994,3.21,0.56,7.7,7
7.53,0.5169,0.2773,3.680183836,0.046285286,17.49662198,48.75,0.9959,3.28,0.65,9.22,8
5.55,0.3878,0.2851,2.693700851,0.095687485,14.81868609,38.01,0.9985,3.51,0.42,11.21,8
6.8,0.7639,0.2746,1.256214321,0.110117804,17.68842909,49.2,0.9941,3.3,0.63,11.11,8
9.55,0.3532,0.2941,4.175827097,0.095465002,4.208686251,48.29,0.9956,3.18,0.62,9.88,9
4.77,0.5546,0.2968,2.815378142,0.07715667,16.32877884,30.73,0.9951,3.36,0.66,9.12,6
6.87,0.6856,0.2767,3.393568945,0.062826887,18.22921078,35.83,0.9953,3.36,0.82,12.62,9
6.54,0.5681,0.2957,3.976935385,0.075808843,6.989275589,44.53,0.9916,3.45,0.42,9.11,7
7.34,0.489,0.2358,1.379997285,0.072102022,9.740509981,25.72,0.9932,3.33,0.63,11.45,8
8.1,0.4648,0.2547,2.863630444,0.055982241,5.587774664,38.44,0.9944,3.18,0.52,7.89,7
9.13,0.5873,0.2815,2.123073844,0.080264365,17.67494606,54.15,0.9966,3.17,0.75,9.84,8
6.88,0.44,0.3662,2.819488753,0.105759339,19.10171038,49.36,0.9949,3.26,0.61,11.39,8
8.17,0.5081,0.2964,2.957126775,0.097089863,7.894801806,55.81,0.9929,3.43,0.64,7.95,7
7.8,0.5891,0.2633,0.836426109,0.087062524,13.48013907,34.48,0.9953,3.21,0.55,11.01,8
7.77,0.4892,0.259,2.271920524,0.078857586,9.996583579,32.79,0.9966,3.34,0.5,12.09,9
6.52,0.5288,0.3072,2.589649103,0.060413762,17.75623297,44.82,0.9991,3.24,0.64,11.53,8
6,0.4896,0.2651,1.247674931,0.101805258,10.15951289,34.31,0.9967,3.34,0.66,9.13,7
5.88,0.423,0.3019,1.764652457,0.051258959,10.54188731,28.09,0.994,3.45,0.47,9.46,7
6.29,0.6389,0.2956,2.624634866,0.037136964,17.08217505,53.17,0.996,3.32,0.62,11.6,8
7.59,0.6593,0.2077,3.186242624,0.078749746,26.63048976,49.91,0.9954,3.24,0.6,11,8
8.11,0.4883,0.2936,2.353296056,0.071535922,10.92575427,38.11,0.9931,3.34,0.62,12.37,9
7.59,0.4934,0.2933,1.801214446,0.07291014,11.61190261,45.08,0.9961,3.52,0.58,8.44,7
6.54,0.5022,0.3098,1.495828761,0.094502576,13.49428767,56.27,0.9988,3.26,0.56,8.45,6
9.37,0.5739,0.2281,2.142728747,0.090785032,17.9285178,32.41,0.9986,3.34,0.48,9.52,8
9.02,0.4295,0.3247,1.700977154,0.093283937,15.93706182,54.22,0.9906,3.4,0.55,9.01,7
6.78,0.5111,0.2617,3.095315775,0.101813381,11.77542269,29.32,0.9957,3.4,0.65,9.94,8
6.21,0.5463,0.3694,2.752999152,0.054633763,12.71095232,28.68,0.9951,3.38,0.79,10.49,8
7.36,0.5842,0.3576,1.849744122,0.114981445,12.23662887,41.83,0.9955,3.34,0.65,8.26,7
8.72,0.2419,0.2396,2.728025086,0.062930372,9.502258055,35.22,0.9962,3.45,0.42,9.97,8
7.6,0.5603,0.2015,4.830463508,0.08619183,19.99237937,39.1,0.9933,3.42,0.71,10.8,9
7.87,0.5546,0.3049,3.252366783,0.117478162,13.14816884,37.58,0.9954,3.25,0.64,9.41,8
6.95,0.6208,0.229,2.754654299,0.112577303,17.57402801,49.56,0.9955,3.35,0.73,10.18,8
7.75,0.4674,0.3274,3.217125947,0.108267545,11.89897278,35.76,0.9996,3.34,0.79,11.11,8
9.05,0.4682,0.2965,3.764247692,0.079567334,15.53396699,27.5,0.9934,3.26,0.73,10.95,9
6.91,0.6403,0.1973,0.978649328,0.050829512,20.35146939,38.92,0.9962,3.1,0.63,11.67,8
7.37,0.3637,0.3091,2.073880521,0.058614573,22.40788388,64.03,0.9924,3.39,0.6,12.04,9
7.5,0.6829,0.2769,1.882904694,0.07366609,19.83222583,28.57,0.9987,3.25,0.7,11,8
7.54,0.7756,0.2906,1.854316481,0.066316926,10.47667324,41.59,0.9952,3.27,0.56,9.95,8
5.51,0.5677,0.3462,4.614278225,0.065646715,7.681923083,27.28,0.9964,3.33,0.59,10.72,8
4.95,0.6014,0.2635,3.010283003,0.07528305,14.86470084,24.51,0.9953,3.21,0.7,11.32,8
5.98,0.371,0.3079,3.615799748,0.067209895,17.49858427,33.81,0.9932,3.35,0.7,12.11,9
7.4,0.4505,0.2401,2.798932269,0.069678329,23.56800526,48.41,0.9965,3.44,0.55,13.58,10
7.86,0.6258,0.2413,5.252864283,0.081850095,14.58389845,53.74,0.9966,3.32,0.68,10.91,9
6.56,0.5562,0.2591,0.489961252,0.06018443,18.99583187,41,0.9941,3.42,0.51,10.55,7
8.85,0.5019,0.239,2.015615197,0.094363483,16.42331659,38.46,0.9962,3.23,0.55,8.97,8
7.03,0.5433,0.2984,2.059378705,0.098929455,8.916835676,45.16,0.9957,3.35,0.66,7.58,6
7.22,0.5707,0.2038,2.151206452,0.070843372,18.23718826,34.02,0.9992,3.29,0.82,13.38,9
6.97,0.4907,0.3115,3.41450184,0.080196928,14.35720285,38.83,0.9978,3.09,0.71,13.26,9
7.36,0.5171,0.2319,2.590204427,0.110367313,19.34221088,47.16,0.9976,3.41,0.62,12.72,9
8.05,0.5164,0.2889,3.150533757,0.096020345,8.156087625,24.1,0.9965,3.3,0.43,11.09,9
8,0.4148,0.2106,3.542308035,0.11233633,19.10318431,34.18,0.9962,3.34,0.55,12.14,9
6.12,0.5524,0.2939,2.725408024,0.095419168,14.39800698,38.19,0.9949,3.28,0.62,11.71,8
9.03,0.7004,0.3242,3.22852793,0.100628391,12.45586357,44.56,0.9941,3.27,0.64,10.34,9
5.89,0.6932,0.2705,2.059755721,0.068684171,22.87675361,23.82,0.998,3.27,0.57,9.35,7
7.3,0.3724,0.3474,1.855122108,0.079406572,19.12265885,21.84,0.9937,3.26,0.43,10.15,8
6.87,0.5771,0.263,1.613799492,0.064733838,19.0235107,19.33,0.9958,3.27,0.54,10.71,8
5.94,0.5876,0.2906,2.584408033,0.081677521,14.32453844,31.92,0.9935,3.24,0.59,7.82,6
7.11,0.4789,0.2237,1.545858907,0.090872183,9.197211726,47.26,0.9954,3.24,0.52,11.66,8
6.31,0.4236,0.2919,1.43004938,0.084701233,8.575915785,44.51,0.995,3.18,0.65,10.61,7
7.29,0.3879,0.2416,3.151408742,0.050052765,13.36569023,48.87,0.9972,3.57,0.5,8.12,7
7.68,0.4755,0.234,1.569587751,0.064203635,8.045865279,38.31,0.9936,3.23,0.58,11.13,8
8.97,0.555,0.349,3.067428793,0.056440447,12.6357662,38.37,0.9908,3.33,0.56,10.65,9
7.57,0.5042,0.2065,2.177844027,0.086244221,14.77882566,38.63,0.9967,3.18,0.4,12.95,9
6.47,0.4589,0.2643,1.921315133,0.072148827,13.25050846,35.2,0.998,3.29,0.56,9.43,7
6.73,0.3951,0.3056,3.408625572,0.085395061,15.98855138,65.35,0.9948,3.21,0.59,6.38,6
7.37,0.5551,0.2817,3.492311093,0.038559945,3.535256825,43.85,0.9961,3.23,0.7,9.25,8
7.31,0.6267,0.1776,2.714197794,0.081975729,18.96060562,31.4,0.9955,3.23,0.66,11.1,8
8.95,0.4273,0.3002,3.910029592,0.059585668,14.40319281,37.87,0.9953,3.32,0.61,10.71,9
8.87,0.5648,0.2011,0.818446333,0.094266985,17.86254229,49.08,0.9972,3.23,0.57,9.49,8
6.77,0.3321,0.2478,3.580837684,0.095430952,13.1533301,20.7,0.997,3.46,0.64,11.13,8
6.54,0.4543,0.2578,1.696147321,0.091114489,14.28724643,37.35,0.9974,3.31,0.63,9.98,7
4.13,0.593,0.124,2.269139656,0.098839888,9.442565842,51.12,0.996,3.11,0.41,7.69,5
6.54,0.4082,0.2647,2.858551193,0.096205347,16.20268415,46.05,0.9963,3.34,0.47,9.81,7
6.03,0.4596,0.3033,1.806363383,0.069653746,11.42969088,35.46,0.9961,3.49,0.38,13.49,9
6.77,0.6618,0.2615,2.457357959,0.051094523,16.26422319,48.66,0.9967,3.33,0.71,11.31,8
7.67,0.4467,0.2792,2.07325663,0.094289831,19.30538812,38.94,0.9957,3.35,0.33,10.08,8
7.41,0.4346,0.3831,2.272310846,0.086437094,15.8156317,30.2,0.9933,3.27,0.81,9.27,7
7.16,0.5776,0.3263,4.604499288,0.034462458,24.81018264,37.99,0.9963,3.36,0.67,10.39,8
7.44,0.7155,0.273,0.643338316,0.045711474,17.10563391,53.24,0.9966,3.4,0.59,11.15,8
7.05,0.496,0.3994,2.28528694,0.054118392,14.74289428,44.51,0.9964,3.32,0.67,11.35,8
7.44,0.5969,0.2382,2.892827601,0.078421688,16.00993696,39.77,0.9983,3.43,0.5,10.31,8
3.32,0.6546,0.296,1.368345809,0.052007667,15.86989076,24.87,0.9973,3.43,0.52,12.11,7
6.88,0.5526,0.1912,2.331750294,0.093101638,18.19036923,36.53,0.9977,3.34,0.64,8.84,7
7.07,0.493,0.2899,2.802876915,0.069802316,12.0663755,47.86,0.9937,3.22,0.55,9.25,7
6.79,0.4324,0.2644,2.859185229,0.11092452,16.74284513,49.04,0.9973,3.25,0.59,10.95,8
6.94,0.3775,0.273,3.323009189,0.088534134,10.37147569,23.35,0.9957,3.33,0.53,8.14,7
8.04,0.6312,0.2885,3.596900607,0.07739057,15.72597249,29.4,0.9941,3.29,0.55,8.43,7
6.48,0.5381,0.284,2.169430246,0.088436974,18.30529633,37.44,0.9981,3.22,0.6,11.82,8
9.84,0.6533,0.2164,2.587567919,0.061335368,19.40210445,36.3,0.9931,3.39,0.74,10.86,9
8.03,0.6189,0.2508,1.080678611,0.108920027,13.16039263,46.3,0.9928,3.25,0.61,9.86,7
7.19,0.4583,0.2703,2.447495778,0.101008642,21.0382509,24.38,0.9954,3.2,0.54,9.56,8
6.95,0.4013,0.1985,1.048927172,0.084931348,13.92694735,32.9,1.0014,3.35,0.66,9.06,7
7.1,0.5613,0.3101,2.510873766,0.118664664,9.018163417,48.28,0.9963,3.24,0.52,8.86,7
6.1,0.4567,0.3641,3.323422497,0.050693423,15.59432941,49.19,0.9979,3.2,0.57,8.04,7
7.09,0.5577,0.2852,2.913222644,0.09618971,18.6651748,25.47,0.9963,3.31,0.83,9.43,7
7.53,0.4469,0.2436,2.591215785,0.104082705,11.50695043,46.08,0.9943,3.58,0.51,12.38,9
7.9,0.4339,0.1549,3.307012584,0.089933405,8.180381086,25.83,0.9977,3.25,0.64,10.7,8
7.9,0.5059,0.194,3.571199872,0.076888461,15.00584123,46.06,0.9937,3.3,0.57,9.3,8
6.87,0.6134,0.287,1.671386116,0.038801962,14.48396659,46.94,0.997,3.26,0.54,9.68,7
5.5,0.5507,0.3331,3.686114471,0.101704021,11.06481511,41.7,0.9917,3.3,0.57,10.9,8
6.4,0.6378,0.259,1.743577858,0.07146711,21.66810351,30.24,0.9937,3.16,0.4,10.42,8
9.13,0.3966,0.1956,2.054474279,0.078572581,19.08685427,20.14,0.9993,3.27,0.49,10.58,9
8.28,0.4143,0.2264,3.225750588,0.09972812,20.03444922,54.34,0.9993,3.4,0.67,6.58,6
7.64,0.5111,0.2414,2.677594459,0.099781207,8.559121018,25.31,0.9941,3.17,0.57,12.23,9
6.29,0.7366,0.1734,2.476844483,0.056885901,13.58319473,33.3,0.9975,3.45,0.47,10.8,8
7.2,0.5874,0.2545,2.672730879,0.060249518,12.58397963,37.31,0.9979,3.13,0.42,10.62,8
5.69,0.4133,0.3146,3.813343363,0.065844877,13.12211402,40.32,0.9971,3.39,0.55,12.32,9
6.54,0.5124,0.1859,2.568016945,0.093779803,20.10988516,45.32,0.9959,3.4,0.57,8.67,7
6.91,0.5421,0.242,3.245472098,0.101590217,12.16247405,44.29,0.9921,3.41,0.59,9.15,7
6.77,0.4631,0.1688,3.220070696,0.090047931,11.79154115,42.12,0.9993,3.31,0.73,12.57,9
8.35,0.5813,0.229,4.587698764,0.071188256,20.16022899,37.95,0.9946,3.33,0.53,9.8,8
5.5,0.5044,0.2626,3.883315803,0.077125522,23.99312534,30.91,0.9979,3.37,0.59,9.52,7
6.16,0.4901,0.3211,3.204485009,0.107725329,21.51856697,49.93,0.9982,3.16,0.61,9.29,7
5.55,0.646,0.2928,3.219540951,0.057524373,10.48921695,43.84,0.9953,3.36,0.41,9.07,7
5.72,0.349,0.2108,2.668934154,0.095596436,4.814617621,47.11,0.9966,3.22,0.68,10.8,8
7.35,0.4238,0.2747,2.337756238,0.077858571,11.13640428,37.81,0.9963,3.3,0.55,12.32,9
5.28,0.4383,0.2533,2.487530856,0.089792927,14.35269381,47.27,0.9942,3.44,0.63,9.81,7
8.1,0.4352,0.2694,2.524400106,0.080500974,16.61159389,15.56,0.9959,3.36,0.57,11,8
6.9,0.4471,0.26,2.050776184,0.100630284,12.47378519,50.78,0.9968,3.22,0.7,10.93,8
7.28,0.5688,0.2857,2.086366756,0.090613973,20.72972866,38,0.9989,3.46,0.61,10.58,8
7.59,0.6297,0.2791,2.436504237,0.081409088,17.88159099,35.43,0.9991,3.17,0.67,11.73,9
6.68,0.6116,0.3133,2.175739975,0.125295886,15.06114844,34.66,0.9937,3.22,0.64,11.97,8
8.44,0.418,0.2758,2.306384219,0.105017041,7.932147324,33.61,0.9981,3.4,0.56,12.46,9
6.97,0.5093,0.3545,2.333272891,0.085431526,20.79542696,40.17,0.9919,3.23,0.5,11.79,8
7.91,0.5652,0.296,3.405852994,0.095509855,14.77963988,42.21,0.9955,3.37,0.46,13.21,10
6.96,0.544,0.3439,3.292343169,0.082342957,6.125070922,56.07,0.9936,3.37,0.33,8.34,7
7.55,0.6506,0.306,3.524638297,0.066175096,21.13716521,40.36,0.9979,3.31,0.64,10.15,8
7.54,0.4525,0.2364,3.745064806,0.045536687,24.47563259,28.37,0.997,3.37,0.51,9.49,8
7.5,0.5356,0.3321,1.779530754,0.121293253,13.87985031,62.61,0.9928,3.25,0.73,9.26,7
6.03,0.4807,0.3292,2.528871254,0.071213989,9.898938757,39.58,0.9944,3.23,0.61,11.12,8
7.72,0.5451,0.1264,2.801338297,0.091781827,20.56766255,38.42,0.9963,3.29,0.72,10.56,8
6.82,0.4121,0.2426,2.94223568,0.105295921,22.15613184,34.64,0.9958,3.3,0.68,14.45,10
7.96,0.4271,0.3421,3.012722705,0.071218931,18.54331897,26,0.9953,3.21,0.61,8.87,7
4.62,0.447,0.3227,3.92022514,0.074443857,4.658317124,52.23,0.9954,3.11,0.55,7.41,6
5.44,0.4636,0.197,1.951068824,0.090383066,11.79389285,28.07,0.9929,3.42,0.65,12.6,8
7.64,0.6748,0.3129,2.730782527,0.090562587,10.47353108,50.08,0.9989,3.39,0.57,11.76,9
9.44,0.6375,0.3564,1.2830849,0.080664373,17.82684671,37.14,0.9982,3.31,0.46,9.88,8
8.2,0.4987,0.3003,2.917018141,0.05888414,22.36062859,45.81,0.9976,3.22,0.53,9.7,8
6.38,0.5373,0.1962,0.907623805,0.105781834,15.05660395,36.95,0.996,3.57,0.59,9.33,7
5.17,0.3606,0.2308,2.860497861,0.095254713,14.22605527,43.23,0.9967,3.41,0.63,11.67,8
8.09,0.5021,0.29,3.740838853,0.08363832,7.604270117,39.9,0.9988,3.15,0.48,14.04,10
7.1,0.536,0.2592,3.121866101,0.096095693,8.34652103,40.34,0.9949,3.36,0.53,10.45,8
7.91,0.6346,0.3339,1.436201311,0.015122439,15.02179258,52.53,0.9957,3.27,0.7,8.41,7
7.34,0.5527,0.3066,1.725146551,0.081269049,22.16259423,40.14,0.992,3.47,0.51,9.44,7
7.24,0.5633,0.3682,3.117026404,0.071543186,12.53693141,29.07,0.9963,3.36,0.5,8.57,7
10.75,0.5498,0.321,2.387626963,0.040795756,12.09468076,24.04,0.9961,3.19,0.74,9.94,9
7.19,0.5469,0.2976,0.321689912,0.090896831,9.542316103,34.31,0.995,3.18,0.63,8.64,6
7.01,0.3803,0.2543,3.916947609,0.060319747,8.634147031,46.44,0.9971,3.17,0.49,10.84,8
7.05,0.4783,0.3402,2.685618058,0.108323958,19.77543016,46.04,0.9967,3.32,0.66,12.28,9
6.5,0.6635,0.2703,1.070454433,0.077164624,13.73484598,47.97,0.9987,3.13,0.57,9.85,7
8.39,0.6024,0.2187,2.734404718,0.093331549,19.10605291,44.12,0.9939,3.03,0.59,9.42,8
6.78,0.5694,0.2724,4.714497101,0.068427247,5.794070946,43.87,0.9949,3.25,0.54,11.42,9
7.96,0.5267,0.2654,2.353451791,0.096448607,13.20648627,32.5,0.9976,3.18,0.56,9.12,7
7.54,0.5859,0.2203,2.338441288,0.108344205,22.52064337,45.7,0.9957,3.26,0.71,8.81,7
8.66,0.4255,0.3114,1.858303453,0.048518969,9.189975194,54.98,0.9959,3.08,0.72,9.85,8
7.7,0.362,0.263,3.147018364,0.092360504,9.875658958,38.74,1.0006,3.29,0.86,10.66,8
5.74,0.4818,0.2898,2.751357278,0.047046135,14.36593674,46.59,0.9935,3.3,0.49,11.14,8
5.61,0.5738,0.231,3.311842908,0.077708152,14.95667735,34.26,0.9958,3.19,0.71,11.62,8
8.89,0.5308,0.2618,1.774248077,0.085191425,16.44099227,50.5,0.9945,3.11,0.61,11.45,9
6.47,0.6214,0.3087,3.22890757,0.058156593,14.40547534,46.67,0.998,3.29,0.64,12.76,9
5.62,0.5551,0.2577,1.321994433,0.073380958,15.28853181,41.31,0.9948,3.41,0.55,12.46,8
6.4,0.5245,0.2517,2.996469401,0.109936368,15.03976808,30.58,0.9967,3.05,0.67,11.68,8
8.72,0.6527,0.3792,1.708119861,0.097906682,10.4079867,43.52,0.9975,3.3,0.52,12.69,9
5.5,0.6332,0.2858,2.538394744,0.100687858,12.77379282,56.57,0.9975,3.04,0.73,6.48,5
6.16,0.5102,0.3067,0.941346654,0.112607294,8.292475929,41.28,0.9965,3.36,0.49,10.25,7
6.4,0.4097,0.3073,2.597935278,0.073687352,15.93538252,62.93,0.9959,3.24,0.56,10.52,8
5.7,0.4293,0.2748,2.480222786,0.100034738,10.56965386,27.26,0.9944,3.3,0.59,10.16,7
5.78,0.5039,0.2964,0.971536846,0.067948918,17.69515591,32.56,0.996,3.16,0.48,10.31,7
5.38,0.4833,0.2213,4.231205704,0.104964641,17.6175253,33.08,0.9964,3.42,0.68,10.66,8
6.65,0.6858,0.3424,3.122348333,0.057432931,4.476957982,40.17,0.997,3.38,0.75,11.82,8
6.77,0.352,0.3323,1.41033297,0.063395391,19.17321474,49.33,0.9957,3.45,0.65,11.75,8
6.38,0.5136,0.2795,1.492487313,0.114961507,18.39861476,34.72,0.9996,3.19,0.52,11.93,8
5.22,0.4134,0.2703,2.250998481,0.092178314,15.53849774,40.21,0.9957,3.38,0.46,12.78,8
8.7,0.5317,0.208,1.932399388,0.086584496,4.03475929,45.77,0.9983,3.71,0.84,12.19,9
5.61,0.5582,0.3215,2.407096355,0.076393904,5.624225838,41.43,1.0011,3.15,0.9,9.4,7
7.53,0.4795,0.2572,0.332192157,0.072380638,18.97470472,40.77,0.9996,3.29,0.7,9.59,7
5.91,0.573,0.3005,4.1923503,0.078506909,12.42947862,39.36,0.9975,3.24,0.7,9.26,7
8,0.5001,0.198,1.782581037,0.078230037,16.45701577,54.37,0.9954,3.18,0.68,10.01,8
8.35,0.5021,0.3016,3.712087003,0.093644129,0.860176577,32.16,0.9987,3.36,0.53,12.22,9
6.15,0.4782,0.2612,2.331977063,0.114026816,17.39005317,55.54,0.9939,3.34,0.63,9.66,7
4.89,0.5851,0.2706,4.947812887,0.063200777,11.31731801,34.18,0.9943,3.13,0.57,11.3,8
8.03,0.5339,0.1991,3.358945687,0.083587893,11.16418625,46.72,0.9968,3.27,0.61,8.92,7
9.45,0.6773,0.304,3.562407815,0.096228015,19.87633784,45.72,0.9966,3.12,0.82,10.15,9
7.7,0.647,0.2394,3.695746588,0.074475031,13.18613805,40.03,0.9964,3.06,0.55,10.43,8
7.39,0.5754,0.2676,2.583496256,0.096454545,16.77180051,40.58,0.9979,3.36,0.54,13.27,9
8.18,0.3041,0.3102,2.650714111,0.052458085,10.72433834,44.61,0.9951,3.38,0.47,7.31,7
8.12,0.3716,0.2657,2.374550245,0.126022232,24.72941959,38.03,0.9988,3.23,0.62,11.42,9
6.21,0.6186,0.3693,2.861545638,0.086781185,10.94321435,33.8,0.9974,3.2,0.54,12.48,9
6.41,0.4724,0.2251,2.575772006,0.079113667,18.94729426,51.34,0.995,3.31,0.43,9.14,7
7.93,0.5435,0.282,2.862102465,0.065734984,12.35822122,36.99,0.9985,3.36,0.55,9.31,8
7.03,0.457,0.2907,1.706334714,0.074697859,15.74111437,40.62,0.9981,3.56,0.59,8.74,7
8.78,0.5718,0.2191,2.083406135,0.094811973,13.99544253,38.04,0.9967,3.34,0.61,12.43,9
6.35,0.6158,0.2744,3.054366101,0.127801501,13.70136372,42.9,0.9937,3.48,0.58,9.66,7
8.1,0.399,0.2603,2.52099295,0.054029669,13.44034664,47.36,0.9931,3.44,0.52,12.79,9
7.61,0.4386,0.2813,2.984645627,0.078045406,10.46088216,32.97,0.9961,3.15,0.61,12.26,9
7.05,0.3536,0.2927,3.170970939,0.057552768,16.93956734,17.12,0.9933,3.14,0.61,11.39,8
8.61,0.5433,0.3399,3.387991402,0.05579095,16.11428953,61.92,0.9991,3.32,0.5,10.53,9
8.02,0.3535,0.2844,2.99394901,0.081797502,14.6780967,28.25,1.0003,3.33,0.61,9.36,8
5.99,0.4834,0.2974,2.267728797,0.069982928,21.58555731,42.51,0.9945,3.17,0.68,11.47,8
7.97,0.572,0.345,1.634772781,0.086684449,19.14609011,30.64,0.9995,3.23,0.53,9.86,8
8.85,0.7258,0.1908,3.65785723,0.093881521,11.48291862,39.54,0.9966,3.26,0.54,12.06,10
7.04,0.5568,0.2569,1.807324782,0.054985723,15.61970337,21.79,0.9959,3.24,0.54,9.4,7
6.9,0.6453,0.2719,2.500116634,0.069375774,20.25562926,60.25,0.9987,3.39,0.67,9.01,7
6.4,0.5459,0.1922,4.117718668,0.074471414,14.36194737,38,0.9977,3.33,0.43,11.26,8
7.18,0.5509,0.2738,1.707017462,0.036614333,15.07760943,38.67,0.9951,3.41,0.59,9.3,7
8.02,0.4989,0.1522,2.227537109,0.074846972,12.98907184,48.2,0.9971,3.27,0.45,7.97,7
6.22,0.4817,0.3053,2.618493113,0.054498138,12.6129389,33.03,0.9977,3.21,0.65,10.24,7
5.58,0.6374,0.1961,0.71349117,0.075560677,19.34231415,22.92,1.0008,3.33,0.59,12.75,8
6.75,0.5575,0.2074,1.431024376,0.079069978,16.09840386,53.47,0.9972,3.49,0.7,11.31,8
5.54,0.5536,0.2962,3.751364851,0.042471132,18.16148607,19.54,0.9968,3.45,0.52,11.54,8
7.83,0.4592,0.1866,2.952096311,0.057728989,15.80411373,42.34,0.9978,3.36,0.69,10.43,8
6.69,0.4855,0.3727,3.325522269,0.087892458,12.67628745,25.23,0.9948,3.13,0.54,8.7,7
5.09,0.7267,0.2758,2.755808348,0.097795834,9.712628115,43.91,0.9975,3.22,0.54,13.78,9
6.78,0.5132,0.2651,0.54716122,0.11791475,13.27828178,46.04,0.994,3.24,0.52,12.37,9
6.97,0.6526,0.3302,1.481451917,0.087015804,17.78659012,38.37,1.0008,3.4,0.56,9.63,7
7.74,0.468,0.266,0.273802262,0.0668715,17.19372381,34.37,0.9965,3.58,0.59,12.99,9
7.03,0.6002,0.282,3.141721601,0.061605834,6.990186543,32.17,0.9959,3.22,0.5,10.88,8
9.44,0.549,0.2622,5.210259585,0.054500409,24.0213706,39.76,0.9998,3.25,0.55,10.97,9
6.58,0.4796,0.2449,0.932625314,0.100549324,11.80298504,35.78,0.9945,3.37,0.69,10.57,7
7.13,0.5849,0.2886,3.571138706,0.052787572,14.54762029,30.54,0.9947,3.36,0.61,9.72,8
7.08,0.3657,0.2963,3.589475729,0.064471932,16.05911399,37.09,0.9956,3.23,0.74,10.78,8
6.86,0.5775,0.2063,2.686729657,0.077443475,23.3375385,35.63,0.9951,3.35,0.66,9.38,7
7.37,0.5987,0.2259,1.129488331,0.105505743,10.81120412,67.71,0.9993,3.49,0.63,7.53,6
7.85,0.5473,0.237,1.633313639,0.092210487,10.93525441,36.56,0.9939,3.15,0.6,10.58,8
8.81,0.6511,0.2685,0.479983763,0.077257951,10.06595077,34.87,0.9969,3.28,0.67,9.74,8
5.32,0.5132,0.2873,2.374437169,0.092664498,16.11912134,46.89,0.9942,3.29,0.6,11.13,8
6.59,0.5051,0.3778,2.717517566,0.118460931,17.80123006,59.05,0.9931,3.47,0.64,9.85,7
6.66,0.5555,0.2838,3.322048537,0.073275563,15.86315217,31.71,0.9916,3.34,0.67,10.33,8
8.33,0.6068,0.2613,2.295817124,0.10286623,24.23945168,38.38,0.9982,3.26,0.53,14.35,10
6.77,0.577,0.2343,1.652214966,0.092305859,13.3064455,33.06,0.994,3.14,0.79,11.8,8
4.93,0.4973,0.3193,1.809883779,0.10491718,16.06123697,52.22,0.9948,3.23,0.67,12.81,8
7.31,0.4205,0.2694,2.368371783,0.082935319,6.100477184,47.31,0.9967,3.22,0.47,9.97,8
7.16,0.5863,0.2871,2.801389971,0.06621082,3.129885479,46.53,0.9975,3.18,0.74,10.54,8
7.42,0.441,0.27,3.890970165,0.05910797,17.60493047,31.73,0.9942,3.2,0.48,9.34,8
5.95,0.4382,0.2975,4.546487287,0.076110752,17.61798576,41.15,0.9971,3.34,0.69,11.43,8
9.26,0.4545,0.2939,2.492054509,0.059769491,9.218302636,51.07,0.9993,3.29,0.48,9.54,8
6.81,0.5258,0.2887,1.422154845,0.051341012,14.67762956,55.93,0.9965,3.21,0.47,12.5,9
6.97,0.4404,0.2702,3.728423626,0.12685074,18.01717256,37.18,0.9947,3.28,0.61,14.23,10
6.12,0.4064,0.2747,5.056969702,0.061416344,13.4502638,45.69,0.9935,3.33,0.74,9.75,8
6.08,0.4541,0.2891,1.746250194,0.070303067,10.9014402,50.32,0.9963,3.21,0.61,10.67,8
5.73,0.5017,0.1738,2.002545126,0.08261084,14.63420891,42.86,0.996,3.22,0.55,10.32,7
6.73,0.5654,0.2683,2.379659193,0.116063353,24.96914392,51.33,0.9978,3.33,0.49,12.02,8
6.05,0.5267,0.319,2.522185775,0.093312724,19.04592355,20.65,0.997,3.34,0.71,10.67,8
9.67,0.412,0.246,1.823584809,0.107857976,12.80341506,46.27,0.9949,3.23,0.65,13.49,10
4.93,0.5429,0.1655,1.113297322,0.083432042,19.47522245,40.74,0.9931,3.29,0.55,10.75,7
5.85,0.5523,0.2007,3.112337081,0.080643386,16.35216304,48.19,0.9932,3.37,0.58,8.52,7
6.72,0.4745,0.2738,2.364823555,0.084251026,15.38301457,61.78,0.9962,3.35,0.72,10.89,8
8.01,0.4404,0.234,3.629083719,0.10457913,16.68534387,47.77,0.9959,3.17,0.74,9.59,8
6.7,0.4403,0.2767,3.044329817,0.062162258,16.7092804,23.96,0.9961,3.28,0.65,8.92,7
8.01,0.4668,0.2691,3.520116686,0.068199972,8.430143416,30.01,0.9948,3.24,0.59,10.7,8
6.02,0.7414,0.2465,2.562999746,0.098637319,16.29854061,47.29,0.9973,3.23,0.54,11.35,8
7.27,0.4311,0.2243,3.201428766,0.108010149,13.25562057,47.78,0.997,3.22,0.54,10.88,8
9.29,0.5466,0.2798,1.77264588,0.050941285,14.75983647,57.39,0.9991,3.14,0.77,8.44,7
6.04,0.4486,0.2734,3.002550361,0.07030442,10.34740927,49.15,0.9965,3.52,0.62,9.62,7
7.7,0.4694,0.2638,3.511409823,0.089951076,16.94835906,30.67,0.9961,3.29,0.63,11.09,9
7.45,0.4494,0.3136,3.82801864,0.092097425,16.00315875,62.7,0.9969,3.43,0.77,9.79,8
4.5,0.6001,0.2801,2.206389399,0.103784558,14.85599163,36.79,0.9953,3.32,0.4,12.95,8
6.49,0.5579,0.2402,3.100354751,0.108980106,16.3330427,42.91,0.9978,3.04,0.79,11.07,8
8.56,0.5071,0.2521,3.806732422,0.071741094,16.77616569,33.35,0.9966,3.34,0.51,7.77,7
7.36,0.5703,0.2669,0.944377084,0.102229344,19.61319407,47.44,0.9968,3.51,0.46,10.52,8
5.75,0.5943,0.2762,2.143576479,0.062629978,7.787846974,55.49,0.998,3.3,0.48,9.46,7
8.03,0.4349,0.3368,3.08509235,0.101194548,23.38541894,54.57,0.9993,3.25,0.45,10.64,8
6.63,0.5747,0.3544,2.217519769,0.07646675,15.33466309,40.65,0.9964,3.25,0.68,11.76,8
7.63,0.4482,0.2466,1.846334956,0.088968635,13.09221916,40.01,0.9954,3.28,0.66,7.67,7
7.65,0.6038,0.219,2.942739708,0.095749755,19.46729209,47.76,0.997,3.44,0.7,8.82,7
5.86,0.594,0.2429,2.035573056,0.097734712,14.70245752,37.69,0.9948,3.25,0.5,9.89,7
8.15,0.5604,0.291,2.580966076,0.087561582,23.30665476,50.36,0.9951,3.18,0.66,11.26,9
5.99,0.499,0.3116,0.958891987,0.086582811,16.03430173,53.69,0.9994,3.35,0.64,12.64,8
5.63,0.4674,0.2496,2.040955611,0.054856399,19.89415521,43.93,0.9957,3.46,0.58,12.35,8
6.14,0.4936,0.2243,2.791488461,0.089053461,15.19408783,34.79,0.9939,3.18,0.71,8.51,7
6.78,0.5969,0.2891,2.411082733,0.067098667,13.33377493,39.64,0.9953,3.54,0.53,11.19,8
7.33,0.4518,0.3012,2.466601996,0.070182427,18.48315205,53.93,0.9947,3.26,0.37,11,8
6.27,0.525,0.3217,2.8289293,0.088172838,22.50580054,69.96,0.9953,3.45,0.71,10.26,8
8.09,0.3452,0.2381,3.605822509,0.111787214,21.08793802,48.2,0.9927,3.33,0.68,11.44,9
7.5,0.546,0.2864,2.267589999,0.099797771,18.28412164,34.26,0.9956,3.39,0.55,9.44,7
6.37,0.4164,0.1884,2.488689341,0.078592252,19.24669311,33.17,0.9948,3.34,0.6,10.03,7
8.27,0.3882,0.2647,2.586151714,0.076242513,20.14490217,40.61,0.9985,3.29,0.59,12.42,9
8.59,0.5719,0.3059,2.033442683,0.065721485,20.17200227,49.47,0.998,3.08,0.56,11.44,9
7.08,0.541,0.3442,1.725368788,0.081118244,20.63898408,27.24,0.9949,3.01,0.64,6.65,6
6.94,0.4757,0.2851,3.355592385,0.033566388,5.178629567,41.56,0.993,3.32,0.61,10.61,8
5.07,0.4898,0.2579,1.348947229,0.077535835,11.60026847,46.57,0.9947,3.28,0.57,8.96,6
6.71,0.7471,0.1997,3.105589837,0.067119567,18.93667704,48.12,0.9978,3.36,0.59,13.01,9
6.85,0.5006,0.2814,2.300990731,0.076646683,18.66400233,41.02,0.9957,3.13,0.46,11.96,8
7.49,0.4999,0.3016,2.170901824,0.049785006,5.024607078,25.78,0.9935,3.23,0.53,10.09,8
7,0.5852,0.3207,2.835357145,0.071705549,13.72714204,55.19,0.996,3.28,0.53,12,9
7.49,0.5287,0.2822,2.986451739,0.10991503,7.035618273,54.5,0.9981,3.41,0.59,9.63,8
9.04,0.6187,0.2222,1.47281787,0.083818374,8.617828301,41.89,0.9953,3.4,0.61,11.88,9
6.56,0.5477,0.2977,2.475026244,0.057632196,15.27253994,35.98,0.9949,3.16,0.67,10.99,8
6.61,0.5961,0.3545,2.067896024,0.070894305,11.82480336,38.42,0.9947,3.2,0.58,11.62,8
5.63,0.5643,0.2569,1.768991148,0.082610976,12.54911911,37.25,0.9954,3.34,0.54,8.28,6
7.19,0.5845,0.2299,0.41883036,0.034283091,12.83052193,42.16,0.9964,3.33,0.69,11,8
8.37,0.5157,0.2535,3.359447569,0.127204161,16.2200529,44.21,0.9986,3.33,0.67,9.31,8
5.1,0.5423,0.2693,3.398874011,0.085185166,19.1085495,27.31,0.9965,3.45,0.59,9.81,7
6.4,0.4929,0.2438,1.343205196,0.085138454,10.25395039,24.74,0.9976,3.35,0.51,10.04,7
7.24,0.5804,0.3053,2.40151671,0.095615766,14.13007104,37.6,0.9965,3.38,0.73,10.07,8
8.22,0.3854,0.2915,1.283694447,0.091233521,16.46579638,41.59,0.9941,3.39,0.54,9.8,8
7.66,0.5926,0.2533,2.151382908,0.108757076,13.50139062,26.53,0.9987,3.26,0.64,10.6,8
7.59,0.6198,0.269,1.868765694,0.114017551,18.67688326,43.09,0.9942,3.16,0.51,10.84,8
6.93,0.5942,0.193,3.856809995,0.063679481,15.20478943,50.87,0.9948,3.5,0.66,9.33,7
7.78,0.5096,0.2861,1.135520672,0.041170271,20.98925463,35.21,0.9974,3.32,0.57,9.97,7
8.42,0.5705,0.2003,0.718011172,0.046079725,9.664399117,49.83,0.9969,3.22,0.66,10.74,8
5.15,0.4423,0.2561,2.152542988,0.124049459,27.46252542,31.55,0.9939,3.21,0.56,12.53,8
8.07,0.6037,0.2469,2.213051614,0.058456742,11.97599087,44.69,0.9934,3.38,0.77,9.77,8
7.08,0.4101,0.2933,4.467984639,0.110102253,22.00817902,29.13,0.9979,3.14,0.6,12.21,9
6.56,0.5794,0.2478,1.742974702,0.058667257,20.70513421,38.03,0.998,3.1,0.62,8.83,7
4.27,0.5733,0.2677,3.977832522,0.105937899,23.43788819,27.74,0.9962,3.2,0.66,9.3,7
5.54,0.5607,0.3448,3.007246094,0.105734238,18.97966793,39.33,0.994,3.53,0.76,11.01,8
9.24,0.4753,0.1915,4.155290496,0.084673399,11.49848222,45.58,0.996,3.39,0.58,11.32,9
6.37,0.596,0.2757,2.780193221,0.067259462,0.194678523,53.47,0.9986,3.41,0.51,9.1,7
5.9,0.3363,0.3132,0.88989068,0.103006285,11.28363888,32.21,0.9966,3.27,0.6,8.84,6
6.65,0.5977,0.2386,1.575708139,0.068950234,20.39726579,35.83,0.9947,3.34,0.44,13.38,9
6.31,0.5391,0.271,3.048395285,0.11123676,16.17912402,22.28,0.9976,3.33,0.46,10.74,8
7.35,0.6251,0.2019,1.617052522,0.068299496,9.871926438,45.85,0.9999,3.28,0.79,9.32,7
9.02,0.54,0.1896,4.893570171,0.107741447,8.918558968,31.05,1.0003,3.29,0.61,11.33,9
6.5,0.7038,0.3061,0.673483833,0.066151995,9.172940174,31.25,0.9971,3.28,0.6,12.55,8
7.39,0.4258,0.2536,1.873160141,0.065156982,12.61216462,38.71,0.9959,3.25,0.53,12.36,9
5.82,0.5809,0.2044,2.97271138,0.094087366,14.24146374,52.15,0.993,3.3,0.43,8.5,7
9.02,0.4314,0.2463,2.522131301,0.080394566,22.65264691,30.81,0.9945,3.24,0.72,9.48,8
7.43,0.5074,0.3002,2.030135345,0.092826818,16.42914163,51.5,0.9986,3.28,0.62,9.33,7
5.9,0.5942,0.2976,3.950006408,0.135789735,12.0484227,47.4,0.9976,3.25,0.49,10.93,8
8.29,0.5825,0.3224,2.577470686,0.061565385,16.89105063,40.44,0.9964,3.26,0.55,10.43,8
8.64,0.728,0.2448,3.578520714,0.073012421,11.01908118,48.99,0.9943,3.36,0.53,8.73,8
7.39,0.4849,0.2386,2.081944881,0.082742281,22.50565176,39.64,0.9975,3.4,0.64,9.48,7
5.23,0.6486,0.2865,3.54314593,0.05895696,7.474837959,28.66,0.9972,3.27,0.74,9.56,7
9.34,0.4946,0.32,2.734338811,0.04692325,17.94334933,40.11,0.997,3.35,0.47,8.44,8
7.57,0.4499,0.2513,0.880716731,0.061604115,8.250625888,38.54,0.9945,3.33,0.63,12.41,9
8.6,0.3577,0.3179,1.288969844,0.094799962,12.89169593,28.47,0.9946,3.35,0.56,10.22,8
6.54,0.5363,0.2533,3.629842066,0.065843503,18.22149615,50.34,0.9934,3.3,0.49,9.86,8
6.72,0.4679,0.3719,2.502871917,0.065997038,17.22470312,32.17,0.9916,3.28,0.51,12.59,9
7.33,0.6048,0.184,3.645731717,0.089714756,13.93876414,24.08,0.9949,3.26,0.77,8.42,7
8.54,0.4672,0.3467,3.228496794,0.059826656,15.48940721,31.01,0.9964,3.29,0.44,11.32,9
7.37,0.4723,0.1951,1.381916217,0.098363544,7.246240546,43.88,0.9951,3.3,0.58,12.7,9
5.69,0.5555,0.3312,1.310305637,0.118619738,7.46822348,51.21,0.9982,3.17,0.59,11.62,8
7.51,0.6921,0.2743,2.398163999,0.085700554,17.72742563,42.67,0.9934,3.23,0.55,13.77,10
9.16,0.4111,0.2473,2.669691446,0.088921253,23.90522478,41.62,0.9986,3.14,0.68,9.77,8
7.28,0.6218,0.2246,1.804364491,0.065789507,19.16113562,62.78,0.9977,3.21,0.66,9.99,7
7.36,0.6074,0.2236,3.011042915,0.085689589,16.26480082,31.05,0.9935,3.31,0.71,10.59,8
5.68,0.4979,0.3041,2.285743643,0.089650968,19.9944201,34.52,1.0012,3.34,0.77,10.82,8
5.52,0.5875,0.293,1.743230679,0.05464972,15.71389165,37.25,0.9955,3.12,0.71,9.29,7
6.43,0.4916,0.2606,2.755036067,0.06082905,19.5240046,28.58,0.994,3.38,0.65,11.65,8
6.81,0.7571,0.2687,1.856956003,0.063844506,16.99721137,33.87,0.9941,3.35,0.43,9.7,7
7.32,0.5088,0.2264,1.049260546,0.084237696,15.60563009,57.82,0.995,3.56,0.55,9.64,7
7.4,0.528,0.2634,4.072201431,0.069463745,7.11421948,38.6,0.9953,3.43,0.66,8.33,7
9.12,0.4874,0.3143,0.532291789,0.083867669,16.84612152,43.47,0.9948,3.15,0.65,12.74,9
7.27,0.3507,0.2246,0.842433906,0.070229478,16.79846769,29.86,0.9966,3.25,0.48,11.12,8
8.48,0.4937,0.2961,3.329353494,0.10194862,18.84489429,38.29,0.9985,3.55,0.55,10.01,8
7.15,0.5432,0.2469,2.763447142,0.076405129,14.37387073,51.93,0.9947,3.06,0.67,8.35,7
8.94,0.6701,0.1936,1.932566242,0.05974055,16.64147584,34.51,0.9965,3.36,0.57,12.69,9
4.96,0.5692,0.3231,4.440783034,0.112616886,12.46538223,58.45,0.9982,3.46,0.63,9.86,7
6.48,0.5011,0.2013,2.105632477,0.121378516,22.85447555,44.04,0.995,3.39,0.63,10,7
8.38,0.526,0.2468,2.387557657,0.09542884,12.4532197,54.51,0.9946,3.28,0.59,10.56,8
6.99,0.5527,0.3235,2.515557181,0.089269287,12.15519164,49.78,0.9963,3.38,0.67,12.16,9
8.32,0.4821,0.2306,3.112418033,0.079487388,15.23988597,47.77,0.9896,3.35,0.55,11.91,9
7.66,0.5882,0.3171,3.190521046,0.088894353,6.636174958,45.05,0.9959,3.27,0.59,10.23,8
8.34,0.6825,0.2476,3.862357968,0.058561765,10.61460349,44.03,1.0001,3.36,0.59,11.87,9
7.94,0.4837,0.2653,2.032446295,0.0569556,6.944376863,52.74,0.9951,3.27,0.47,10.98,8
8.01,0.6408,0.3642,2.454132094,0.091683235,23.2722479,33.35,0.9993,3.42,0.42,8.74,7
8.99,0.6076,0.3268,2.200401241,0.056264235,17.04806762,44.67,0.9968,3.35,0.55,9.41,8
8.38,0.5737,0.2743,1.171111664,0.116409534,12.31295683,26.54,0.9955,3.25,0.4,10.37,8
8.39,0.5312,0.2373,2.170765047,0.064299387,10.12008891,56.31,0.9965,3.38,0.75,9.79,8
7.22,0.5538,0.2713,2.832739039,0.090950846,25.39072781,48.15,0.9969,3.15,0.68,10.61,8
6.5,0.4983,0.3525,2.614593944,0.055220568,6.903835425,45.34,0.9947,3.26,0.62,10.48,8
6.41,0.7037,0.3786,3.928078164,0.079625502,15.0750274,34.68,0.9931,3.53,0.63,15.02,10
8.1,0.4482,0.239,2.698687358,0.088356253,21.62004462,39.95,0.9955,3.32,0.46,9.99,8
4.27,0.6335,0.3422,1.50939706,0.071422315,11.86596358,44.68,0.9946,3.35,0.85,11.82,7
5.63,0.675,0.1911,1.984445841,0.067377078,10.03640135,17.62,0.9972,3.33,0.7,9.41,7
6.04,0.4877,0.2994,1.683590672,0.074605664,8.415550593,45.09,0.9974,3.27,0.59,10.95,8
6.9,0.6366,0.2887,1.899205051,0.106108489,19.17292686,36.12,0.9951,3.26,0.65,8.89,7
4.04,0.5344,0.3221,2.411619523,0.10023618,11.44253444,53.69,0.997,3.23,0.47,11.52,7
8.71,0.5262,0.2284,3.262356451,0.102122848,10.21055521,47.78,0.9968,3.38,0.56,9.78,8
7.92,0.5125,0.2773,3.36394186,0.100776442,6.260714443,46.73,0.9915,3.26,0.62,9.78,8
9.58,0.3586,0.1769,1.586991648,0.110395736,11.70828692,51.86,0.9979,3.37,0.47,10.23,8
8.47,0.5748,0.2385,2.920436328,0.096236898,18.97166985,48.87,0.9933,3.45,0.48,9.26,8
8.44,0.6644,0.2691,2.431716792,0.034369673,18.08904533,63.01,0.9955,3.31,0.51,13.78,10
9.9,0.4495,0.2797,2.148775929,0.092859652,14.74424703,45.47,0.9992,3.29,0.56,12.64,10
6.51,0.6047,0.4096,1.832077178,0.089017403,12.10714411,54.45,0.9977,3.29,0.73,12.26,8
5.4,0.5115,0.2445,1.76432071,0.075573468,11.40550746,56.36,0.9933,3.25,0.64,12.92,9
6.92,0.4107,0.271,1.968170488,0.050547741,7.55669573,39.77,0.9961,3.26,0.64,10.33,8
6.21,0.6198,0.2124,3.543510578,0.06638567,16.8099514,50.34,0.9961,3.36,0.44,12.67,9
6.89,0.6886,0.1757,3.440458139,0.073335902,15.54060749,46.58,0.9965,3.2,0.55,10.13,8
5.94,0.4406,0.3149,3.329801017,0.097498117,14.52771111,37.93,0.9933,3.36,0.46,8.6,7
7.88,0.5416,0.3153,0.225287907,0.094399828,16.50155477,50.21,1.0004,3.21,0.63,6.42,6
7.82,0.376,0.2012,3.743605853,0.056809383,18.88569471,47.21,0.9969,3.31,0.55,14.56,10
7.17,0.5158,0.1855,2.803719955,0.092191826,17.94929689,66.99,0.9963,3.08,0.72,9.95,8
7.57,0.5686,0.2382,3.365912221,0.041608362,5.066432059,48.37,0.9979,3.38,0.59,9.73,8
7.03,0.6953,0.3534,2.32873634,0.071467297,13.30070488,49.99,0.9956,3.48,0.52,8.37,7
8.1,0.6758,0.1956,2.6847522,0.079677956,16.50612302,53.75,0.9972,3.24,0.72,12.75,9
7.28,0.6842,0.3041,3.834531341,0.094940197,14.67525698,45.25,0.9945,3.27,0.6,10.24,8
6.88,0.4673,0.2766,3.513471037,0.074843164,11.96798517,42.31,0.9947,3.35,0.49,11.34,8
8.32,0.4955,0.2549,1.572884867,0.091232437,13.85669329,41.27,0.9971,3.46,0.43,10.72,8
8.71,0.3536,0.2398,1.705160782,0.08590706,23.88056077,25.59,0.996,3.38,0.59,11.09,8
8.8,0.4485,0.2822,2.948879295,0.089750769,21.65123437,36.73,0.9959,3.16,0.64,11.44,9
6.01,0.3748,0.2545,2.697899225,0.093253179,15.40190284,57.35,0.9967,3.3,0.61,10.86,8
6.56,0.5566,0.25,1.610837194,0.074349605,13.02947358,47.47,0.9937,3.43,0.53,10.8,8
5.16,0.4503,0.2596,2.441913574,0.097622527,17.59354082,38.45,0.9908,3.46,0.6,10.21,7
6.91,0.4099,0.3256,1.818527982,0.111086954,19.68604267,53.4,0.9955,3.33,0.5,10.68,8
7.7,0.4845,0.2806,3.083874705,0.076810335,16.76489553,55.48,0.9933,3.29,0.51,11.07,8
7.04,0.4015,0.2734,4.774703379,0.034751661,9.679203824,42.53,0.9967,3.31,0.41,10.65,8
9.52,0.5509,0.3391,1.592333128,0.093155955,15.26485513,64.66,0.9982,3.32,0.57,8.66,8
6.71,0.5484,0.2566,2.943052669,0.080441862,15.80392685,42.8,0.9956,3.33,0.66,10.72,8
5.89,0.4884,0.3416,2.920881485,0.089640318,9.524992893,37.96,0.9932,3.24,0.58,11.93,8
7.88,0.4469,0.2362,2.299342545,0.064068716,15.75577998,43.32,0.9957,3.24,0.59,9.46,8
7.38,0.3861,0.2966,2.123259993,0.070746564,18.09569755,43.21,0.9943,3.45,0.77,8.74,7
7.86,0.5755,0.2538,2.154875576,0.081134743,17.79304231,45.68,0.9983,3.18,0.78,12.06,9
7.56,0.5429,0.2666,1.036156994,0.076505013,21.69079124,40.78,0.996,3.23,0.54,9.93,7
7.49,0.5664,0.2378,0.524701097,0.078908385,8.299929654,50.69,0.9984,3.42,0.62,8.47,7
4.65,0.4894,0.2552,1.637873392,0.070143249,16.25187687,28.92,0.9944,3.21,0.82,9.88,7
6.33,0.4982,0.235,1.89636438,0.077388404,12.5219283,42.09,0.996,3.25,0.48,10.09,7
6.49,0.6642,0.2901,3.246488042,0.093675438,19.31346473,38.68,0.9945,3.3,0.44,10.43,8
6.78,0.4599,0.2288,1.398804159,0.090753169,20.10232888,45,0.997,3.16,0.53,9.18,7
6.66,0.4887,0.2968,1.97639633,0.054720198,8.31457683,20.19,0.9954,3.66,0.55,11.65,8
7.7,0.5944,0.3874,3.572510855,0.084272792,13.20818501,44.67,0.9946,3.13,0.75,10.02,8
7.92,0.5503,0.1922,3.295767677,0.065419629,10.13089582,41.31,0.9932,3.41,0.51,9.5,8
5.84,0.3153,0.1514,2.978202825,0.087471531,14.51624294,24.16,0.9977,3.46,0.49,11.27,8
8.02,0.3512,0.2206,3.604378205,0.103838936,14.73029084,43.97,0.9972,3.24,0.91,8.57,7
7.9,0.4539,0.3072,5.154947295,0.096422976,21.53039517,40.12,0.9949,3.27,0.55,12.37,10
7.76,0.611,0.2344,2.399773417,0.066833615,17.47315024,54.2,0.9945,3.22,0.64,9.41,8
5.5,0.5872,0.2989,3.110281687,0.081859467,20.27076395,42.23,0.997,3.21,0.63,10.79,8
7.73,0.572,0.3175,2.370982973,0.087677752,19.79637829,45.68,0.9985,3.39,0.69,11.78,8
7.3,0.5828,0.2574,2.31691343,0.089107452,9.726578219,51.45,0.9888,3.23,0.61,11.94,9
8.35,0.4231,0.3142,1.601681622,0.062886955,15.25697632,46.65,0.9983,3.12,0.51,9.82,8
9.34,0.5801,0.1565,4.191708476,0.090585232,19.75696142,35.88,0.9966,3.31,0.62,11.26,9
9.11,0.4279,0.3117,2.693052206,0.086385098,21.94051484,48.43,0.997,3.32,0.65,10.83,9
7.34,0.6147,0.31,4.033969111,0.060880208,18.75915425,41.58,0.9951,3.33,0.59,10.44,8
7.2,0.4689,0.265,2.883643189,0.087227739,6.428336067,35.85,0.994,3.11,0.58,11.57,8
7.96,0.5482,0.3202,1.634377328,0.071078562,17.2262579,43.03,0.9966,3.54,0.71,13.07,9
5.86,0.3326,0.342,2.517867595,0.062045754,14.67774433,26.66,0.9927,3.39,0.49,9.02,7
5.46,0.3851,0.3666,3.147999499,0.07199793,18.52892162,34.56,0.9986,3.2,0.68,8.93,7
6.63,0.6291,0.3671,2.718141685,0.06098945,11.48868001,26.73,0.997,3.19,0.63,10.78,8
8.66,0.5892,0.2728,0.683712949,0.065634212,15.44571509,39.64,0.994,3.27,0.67,11.65,9
6.8,0.3982,0.2629,2.517016409,0.109615862,13.42372692,26.85,0.9972,3.43,0.56,12.89,9
9,0.6486,0.2661,2.112444824,0.054087971,21.38396085,43.42,0.993,3.38,0.68,12.85,9
3.85,0.4109,0.1363,2.086346926,0.095610058,18.07851662,50.35,0.9972,3.23,0.64,10.6,7
5.3,0.522,0.3049,1.130889601,0.089340164,13.75695118,48.34,0.9976,3.32,0.55,11.32,8
7.05,0.472,0.3875,4.388867121,0.11046279,11.8900992,26.97,0.9961,3.45,0.44,11.19,9
8.27,0.4277,0.2983,3.483472603,0.120026138,12.87971011,26.12,0.9972,3.31,0.38,8.52,7
7.12,0.6368,0.1989,1.672915109,0.077099205,23.38654796,33.86,0.994,3.15,0.59,14.34,10
7.09,0.6885,0.2203,2.276695206,0.086333179,14.01877762,39.05,0.991,3.24,0.52,10.25,8
7.05,0.5378,0.2231,3.791836744,0.081298981,25.13388265,24.95,0.9974,3.19,0.55,12.44,9
5.08,0.6726,0.3529,0.874678074,0.057943472,15.90701008,33.28,0.998,3.23,0.52,12.52,8
8.59,0.4919,0.2951,4.076438056,0.071250636,9.238536635,33.33,0.9985,3.33,0.58,10.55,9
6.38,0.5308,0.3019,2.863067967,0.135367961,20.65528683,35.69,0.9957,3.41,0.59,10.85,8
8.51,0.5331,0.2877,2.975129075,0.08847341,4.741238285,18.61,0.994,3.24,0.69,8.34,7
7.12,0.4043,0.2144,2.339515269,0.048875853,15.52585308,25.43,0.9911,3.34,0.51,13.88,10
8.48,0.5699,0.2228,2.940854747,0.092654097,26.66577325,34.6,1.0026,3.4,0.65,9.88,8
7.61,0.591,0.304,4.457967207,0.101080079,23.44294863,31.84,0.9974,3.29,0.49,12.54,9
7.07,0.5027,0.2743,2.610178193,0.0941678,22.12996368,38.2,0.9968,3.12,0.33,8.19,7
7.47,0.3508,0.1771,1.813277259,0.050804141,19.8035059,35.26,0.9947,3.19,0.64,10.4,8
5.43,0.5568,0.3093,1.977105868,0.08529614,21.04054674,41.05,0.9964,3.33,0.5,10.75,7
7.21,0.3685,0.3408,3.544314959,0.047370447,10.85008279,24.46,0.9964,3.21,0.72,7.72,7
9.26,0.4389,0.2703,2.778174383,0.075094214,19.02984769,37.81,0.9952,3.15,0.53,9.16,8
8.77,0.5331,0.2542,2.736284142,0.024258947,16.91502,24.17,0.9967,3.1,0.56,6.95,7
6.02,0.443,0.3383,1.951045975,0.043182206,21.8545858,45.48,0.996,3.51,0.45,10.38,7
7.81,0.5454,0.2602,3.913055233,0.08664813,23.31912059,49.73,0.9992,3.14,0.67,10.92,9
7.5,0.4974,0.2393,2.630563101,0.102025345,12.74490431,31.34,0.9927,3.35,0.66,9.15,7
8.18,0.357,0.1931,1.693136175,0.077683774,7.751048613,38.81,0.9952,3.46,0.63,10.11,8
7.31,0.5368,0.2454,0.750175501,0.093668002,15.21850695,44.51,0.9962,3.37,0.66,10.44,8
6.92,0.5787,0.3634,1.275477856,0.117683262,22.53590742,36.53,0.9961,3.37,0.47,11.83,8
8.8,0.6212,0.3282,2.907593461,0.059718985,7.852781017,41.05,0.9905,3.23,0.62,11.06,9
7.46,0.4833,0.276,1.619272102,0.092644656,13.8892785,31.84,0.9956,3.18,0.51,12.3,9
8.71,0.5139,0.2697,0.469041128,0.105054833,5.237294623,55.57,0.9971,3.4,0.73,10.58,8
8.37,0.3705,0.3195,1.659143669,0.08363412,11.66728676,39.02,0.9905,3.31,0.55,10.07,8
6.81,0.7165,0.2751,2.352263918,0.088068546,16.8544153,36.96,0.9986,3.34,0.67,12.26,9
7,0.6705,0.2068,3.092183177,0.089905578,14.81504794,47.51,0.9974,3.27,0.66,11.78,8
9.52,0.5168,0.2772,0.032554525,0.071198081,10.79637449,45.85,1.0005,3.31,0.47,8.04,7
7.43,0.5075,0.2788,2.449132594,0.105240159,22.44665879,23.64,0.9942,3.46,0.49,9.41,7
6.29,0.227,0.2706,3.4000359,0.05444871,12.91480586,50.79,0.9942,3.13,0.6,8.04,7
5.76,0.6235,0.2829,1.632271826,0.071933236,5.470993691,37.74,0.9936,3.42,0.72,11.19,8
8.37,0.5763,0.2354,1.923040322,0.082679339,24.73263938,21.79,0.9953,3.3,0.6,9.85,8
7.39,0.6013,0.2778,2.700872224,0.098819312,20.34295761,37.4,0.9953,3.45,0.69,13.39,9
6.25,0.4795,0.1898,1.507685786,0.057873713,16.56274023,30.05,0.9919,3.39,0.57,10.94,8
8.01,0.4731,0.224,1.585377289,0.098678906,10.17661356,44.26,0.994,3.25,0.56,12.42,9
7.39,0.3965,0.2578,2.383799718,0.07757161,9.698634217,48.18,0.9976,3.44,0.69,11.35,9
5.21,0.5978,0.3001,2.676972309,0.100223284,15.62744755,40.04,0.9944,3.41,0.67,8.7,6
7.91,0.6452,0.2551,3.074860775,0.123316635,15.75580331,33.95,0.9992,3.28,0.5,12.2,9
8.8,0.6324,0.292,2.516208743,0.098966971,7.817835944,30.32,0.993,3.18,0.69,12.47,9
10.27,0.5387,0.3211,2.50268653,0.086697109,10.0108873,44.21,0.9973,3.25,0.69,10.85,9
7.24,0.4873,0.391,2.749387081,0.08701641,17.4242345,38.56,0.9943,3.32,0.46,10.82,8
7.48,0.4148,0.2553,1.626010956,0.092876969,8.69801832,26.7,0.9965,3.25,0.66,11.59,8
9.13,0.4498,0.2378,0.40244073,0.092155677,20.51560885,47.46,0.9961,3.42,0.59,9.04,7
7.4,0.5668,0.2719,1.598267039,0.06306627,13.06939719,32.23,0.9971,3.27,0.73,12.17,9
7.53,0.4915,0.2799,2.013371973,0.084955109,20.70424856,45.8,0.9919,3.51,0.82,12.6,9
6.44,0.6841,0.2973,1.681569745,0.091177862,12.1431121,34.7,0.9973,3.45,0.73,10.29,8
5.53,0.6352,0.3106,1.361970912,0.061026915,18.37792359,32.94,0.9962,3.45,0.48,11.67,8
8.3,0.4598,0.2559,3.562592339,0.077843724,16.22462445,41.71,0.9959,3.34,0.37,10.7,9
5.67,0.3984,0.3063,1.668959866,0.052219513,23.4582248,60.53,0.9987,3.38,0.53,9.97,7
8.57,0.4652,0.2741,2.132581025,0.027208639,11.74557872,44.35,0.9991,3.37,0.76,10.6,8
6.25,0.6265,0.3314,3.075272595,0.076003793,25.39786649,32.27,0.9991,3.23,0.68,10.58,8
7.52,0.4676,0.2561,2.939350841,0.073546051,22.22648497,48.13,0.9932,3.41,0.5,9.62,7
6.75,0.5746,0.277,1.771847819,0.110524564,11.65973209,37.21,0.998,3.41,0.61,8.57,7
8.61,0.4634,0.2835,1.611470374,0.051439061,12.09399526,54.73,0.9952,3.53,0.65,11.06,8
7.56,0.5543,0.3266,2.432894297,0.091904825,16.81005219,25.02,0.9936,3.35,0.56,12.77,9
9.55,0.5728,0.2698,1.807159446,0.08376152,18.81571555,56.7,0.9957,3.35,0.62,8.98,8
5.9,0.6186,0.2182,2.369098135,0.101380745,10.14646771,46.87,0.9934,3.38,0.44,10.12,7
7.7,0.6633,0.1852,1.638350375,0.071496079,8.878122664,30.9,0.9955,3.1,0.39,12.42,9
7.26,0.651,0.3217,2.915803973,0.092106754,6.324508861,28.33,0.9975,3.35,0.58,10.58,8
7.54,0.467,0.302,1.086872251,0.060239033,22.64667698,49.63,0.9951,3.34,0.65,12.25,8
9.12,0.5053,0.3531,2.286481154,0.08898553,14.89894666,35.17,0.9967,3.25,0.51,11.67,9
7.9,0.4026,0.2746,2.791430618,0.082855037,6.172613257,28.34,0.9987,3.27,0.54,11.16,8
5.82,0.4964,0.2743,2.792820132,0.070151331,13.60152665,41.81,0.9967,3.14,0.7,9.33,7
7.84,0.5224,0.279,4.917832258,0.10284393,19.09075386,45.3,0.9997,3.1,0.5,10.51,8
6.7,0.4796,0.2432,2.270639281,0.082710213,17.01354699,45.11,0.9968,3.29,0.69,9.62,7
6.63,0.4696,0.2348,2.644146379,0.094058164,24.46732502,28.37,0.9935,3.45,0.71,9.61,7
8.46,0.6232,0.2919,2.406933036,0.111196071,16.01387921,33.77,0.9948,3.2,0.58,10.83,8
6.48,0.6107,0.329,4.405201556,0.106353035,13.50888244,41.15,0.9959,3.4,0.57,10.54,8
6.74,0.5599,0.3002,3.507353873,0.101507839,16.45895292,28.5,0.9965,3.28,0.46,8.65,7
7.24,0.3922,0.246,4.431466346,0.075922462,22.62599902,37.85,0.998,3.3,0.66,13.99,10
8.34,0.5401,0.2912,1.92458801,0.086987946,18.29522418,39.94,0.994,3.38,0.54,10.31,8
7.9,0.4816,0.2788,2.665389605,0.091087289,14.36977256,40.08,0.9955,3.27,0.54,9.72,8
6.92,0.6516,0.2418,2.551240021,0.097063538,9.74130722,20.45,0.9967,3.28,0.45,9.3,7
6.87,0.3398,0.2089,1.348436043,0.091581735,14.25583507,35.27,0.9967,3.2,0.72,12,9
5.81,0.4641,0.2285,2.843912908,0.068993491,8.469027724,32.69,0.9997,3.39,0.65,10.81,8
6.29,0.4613,0.3298,1.511597347,0.075214887,17.09820626,33.11,0.9925,3.34,0.58,13.54,9
6.41,0.4733,0.2827,3.553936394,0.076099758,17.05098277,54.32,0.9972,3.46,0.64,11.67,9
7.02,0.6158,0.2395,2.290905843,0.072498525,10.04409703,44.66,0.9966,3.26,0.53,7.38,6
9.58,0.2848,0.2738,0.979231785,0.095381793,11.02440919,34.81,0.9966,3.42,0.69,11.5,9
6.39,0.4992,0.3005,1.940262758,0.044424348,19.16508022,53.54,0.9992,3.23,0.58,7.86,6
6.85,0.6051,0.243,2.547011006,0.067757491,14.78736573,54.55,0.9948,3.51,0.57,8.75,7
4.74,0.618,0.2317,4.246120345,0.073845626,17.7223718,38.34,0.9932,3.29,0.52,9.04,7
7.92,0.4651,0.1812,3.367553887,0.105216672,12.03209113,32.29,0.993,3.29,0.67,11.53,9
5.31,0.452,0.3244,2.592654421,0.060341143,10.99641332,45.44,0.9949,3.34,0.68,11.21,8
6.11,0.5546,0.2994,3.376130789,0.090421497,13.51543896,25.52,0.9966,3.49,0.51,8.39,7
8.45,0.5351,0.3035,2.6718086,0.08237288,9.110153124,41.58,0.9961,3.4,0.67,10.02,8
4.67,0.5269,0.2981,1.610147914,0.066827779,12.11728117,36.01,0.9993,3.43,0.6,12.54,8
7.32,0.1399,0.1686,2.913033337,0.121514266,19.74750135,22.61,0.9935,3.4,0.44,10.94,8
8.16,0.4073,0.2755,3.360312245,0.094254589,11.81614296,53.54,0.9961,3.39,0.78,9.32,8
9.03,0.4337,0.2925,5.550754935,0.070037337,22.85911975,29.47,0.9942,3.32,0.63,9.69,9
6.1,0.5843,0.2735,2.796551612,0.103616856,19.73618164,16.56,0.9944,3.24,0.54,11.2,8
6.45,0.3759,0.1524,2.018157193,0.080825877,19.44268873,37.27,0.997,3.44,0.43,10.91,8
9.37,0.4153,0.2638,3.430786517,0.056311448,16.71939642,24.74,0.9979,3.38,0.54,12.41,10
7.17,0.5046,0.2571,3.189846663,0.020793558,11.44341856,56.47,0.9959,3.28,0.59,10.84,8
6.32,0.3912,0.3219,4.081266267,0.093042628,9.535008991,33.52,0.9945,3.21,0.58,9.13,7
6.34,0.5843,0.2648,3.250367128,0.088286444,9.299272949,61.22,0.9937,3.12,0.65,12.08,8
6.03,0.4809,0.244,0.79053222,0.062411331,16.01924576,20.97,0.9954,3.19,0.59,11.7,8
6.67,0.7033,0.244,2.439175004,0.050285438,27.00630706,61.97,0.9956,3.21,0.47,13.42,9
8.51,0.457,0.3061,3.78857444,0.065084797,17.37516119,37.64,0.9976,3.31,0.58,12.1,9
8.27,0.4624,0.3036,4.209791758,0.06967869,22.50990772,35.6,0.9934,3.17,0.61,10.33,8
5.79,0.6004,0.2593,1.668666086,0.089200051,14.25114735,38.09,0.9997,3.2,0.7,11.76,8
7.46,0.4545,0.2501,2.283975831,0.085557,12.10784081,48.02,1.0017,3.31,0.6,9.15,7
6.72,0.6712,0.1549,3.155168667,0.071780796,18.98982419,30.7,0.9964,3.37,0.53,10.2,8
8.14,0.5683,0.1679,2.091089619,0.045128285,12.53630175,48.03,0.9964,3.09,0.6,11.78,9
7.01,0.4896,0.2282,2.242730444,0.055347976,13.54610212,33.02,0.9965,3.22,0.47,10.16,8
7.65,0.5039,0.2628,3.410168621,0.11191232,15.48656766,33.12,0.9972,3.21,0.6,10.15,8
7.01,0.8051,0.2305,3.514130953,0.071108988,9.628178827,37.03,0.9943,3.3,0.6,9.68,8
4.58,0.5689,0.1943,3.642119103,0.104810193,16.27723942,46.83,0.9963,3.43,0.69,9.71,7
7.26,0.535,0.2682,3.004778892,0.098145488,14.30579625,30.42,0.9957,3.29,0.78,11.65,9
5.67,0.5067,0.2689,1.490662927,0.046894246,8.484672533,58.92,0.9952,3.18,0.64,9.11,7
8.1,0.6237,0.3355,2.36282942,0.09548919,15.21949967,34.15,0.998,3.29,0.61,8.87,7
6.38,0.3682,0.2521,1.514715338,0.059123327,18.56961122,61.78,0.9944,3.23,0.61,9.05,7
6.47,0.5019,0.2583,1.991966471,0.061288372,10.95890108,30.62,0.9979,3.45,0.61,12.58,8
7.19,0.2366,0.2341,3.07522532,0.095914112,26.56253402,63.39,0.9968,3.27,0.54,9.85,7
7.89,0.4667,0.4002,2.665885088,0.069236764,8.659285965,50.44,0.9981,3.33,0.65,11.06,8
7,0.6048,0.3022,4.710038203,0.049080102,10.64669091,56.5,0.9958,3.17,0.59,11.89,9
9.17,0.6582,0.2286,2.763573694,0.056820596,17.93034122,26.32,0.9952,3.14,0.56,9.95,8
9.18,0.5806,0.1715,2.90907223,0.071925827,15.30822824,31.07,0.9959,3.11,0.66,12.72,10
9.26,0.584,0.2056,2.472415403,0.093349385,10.17548836,30.19,0.998,3.29,0.52,9.64,8
6.92,0.3484,0.224,3.271282219,0.050183439,18.55360591,39.45,0.9989,3.19,0.66,11.11,8
5.42,0.4522,0.2019,4.166318801,0.080690234,9.190047046,47.06,0.9977,3.48,0.49,12.24,9
8.66,0.6674,0.2641,2.669705276,0.112745883,18.78263417,50.07,0.9918,3.25,0.5,13.85,10
6.7,0.4676,0.2192,4.024133445,0.05348166,21.13214836,44.96,0.9982,3.34,0.51,11.6,9
7.25,0.5064,0.1897,2.401769472,0.069408937,18.25514709,46.16,0.9961,3.25,0.5,11.33,8
7.95,0.4394,0.3019,3.576792566,0.070336634,15.96557317,54.32,0.9961,3.35,0.63,9.57,8
5.27,0.4266,0.1929,2.421324,0.0608665,11.72305188,40.04,0.9912,3.28,0.7,11.9,8
9.15,0.473,0.1423,2.396894253,0.09624518,10.31072999,35.69,0.9946,3.18,0.54,10.35,9
8.25,0.4539,0.3169,0.477710429,0.077763247,18.77125078,46.43,0.9974,3.21,0.66,10.31,8
7.62,0.6158,0.3595,0.699111286,0.078202597,18.85115786,45.06,0.9938,3.29,0.29,9.15,7
8.27,0.5415,0.272,2.378846594,0.109493469,12.10911273,26.13,0.9909,3.18,0.43,10.68,8
7.87,0.6219,0.3043,3.253489471,0.085481896,16.00197808,41.67,0.9958,3.25,0.57,10.9,8
7.34,0.3813,0.3036,2.457194078,0.078527124,25.24532027,65.41,0.9939,3.38,0.58,10.69,8
6.83,0.6425,0.3878,1.656200986,0.07860478,13.01676724,40.61,0.997,3.26,0.78,7.82,6
6.31,0.5221,0.2205,1.540272322,0.064326348,17.15401321,50.5,0.9979,3.31,0.64,9.19,7
7.54,0.7039,0.2473,3.252813777,0.104182844,16.9030464,38.07,0.9963,3.28,0.7,11.17,8
7.63,0.5147,0.248,1.477968884,0.070906953,18.37286946,56.51,0.9955,3.19,0.65,9.18,7
8.5,0.3707,0.2727,3.335411635,0.080494012,23.74254199,46.24,0.9948,3.16,0.71,11.49,9
7.44,0.6484,0.2596,3.196451641,0.038997799,21.26024141,34.14,0.9962,3.38,0.62,7.19,6
6.18,0.5064,0.2659,3.997748587,0.092795223,10.78685003,49.92,0.9945,3.4,0.54,12.81,9
5.31,0.3048,0.2771,4.961294785,0.108415729,16.11912847,58.75,0.9963,3.18,0.6,10.74,8
7.05,0.5345,0.3689,2.248867568,0.104932616,4.037142528,46.26,0.9981,3.39,0.58,12.16,9
7.17,0.5431,0.2837,2.385704951,0.059124131,13.21202161,40.98,0.9956,3.31,0.57,12.55,9
7.08,0.6276,0.3115,3.94549692,0.09196968,5.425156216,47.12,0.9964,3.35,0.6,11.46,9
5.36,0.1613,0.3034,2.454240652,0.081032572,8.189863293,43.04,0.997,3.5,0.71,6.08,5
8.49,0.6349,0.2878,0.938133688,0.067603192,16.58936988,48.93,0.9949,3.09,0.76,11.63,9
8.49,0.4725,0.2567,1.732180664,0.090490465,26.0154425,36.82,0.9961,3.25,0.74,10.52,8
6.21,0.7126,0.3102,2.887223236,0.093321739,17.3874065,30.44,0.9946,3.33,0.83,10.73,8
8.17,0.3482,0.1825,1.287082455,0.088962852,23.83746305,51.04,0.9943,3.39,0.62,11.02,8
8.34,0.5745,0.347,4.51871396,0.089887648,3.971302983,62.44,0.9973,3.19,0.62,7.94,8
7.25,0.5612,0.3034,3.800920945,0.078131275,9.107714558,44.57,0.9937,3.37,0.66,8.95,7
6.06,0.4778,0.275,1.569347967,0.113013068,10.99491913,40.49,0.9959,3.32,0.52,6.03,5
9.14,0.4426,0.2694,1.648686728,0.063099917,11.34710522,69.22,0.9954,3.45,0.46,10.46,8
7.66,0.4826,0.281,2.636584225,0.087916781,19.92208641,51.34,0.9944,3.24,0.51,13.04,9
6.9,0.4853,0.3107,2.075745577,0.053158164,9.720308028,50.37,0.9967,3.37,0.43,9.62,7
8.13,0.3947,0.2931,2.397278959,0.077952089,10.30658642,43.27,0.993,3.3,0.62,11.2,9
9.15,0.6193,0.3383,3.180641513,0.085087537,11.49408148,35.01,0.9938,3.21,0.55,11.85,9
6.6,0.4108,0.3557,2.304583202,0.08347894,3.769986335,36.36,0.9942,3.23,0.66,8.46,7
8.03,0.6223,0.3247,3.927281637,0.0936676,12.76541405,38.05,0.9935,3.23,0.72,10.9,9
9.53,0.3411,0.1954,3.366843638,0.064066525,16.99902073,26.03,0.9948,3.29,0.5,11.7,9
5.86,0.5023,0.2439,3.522122385,0.063724307,13.68858785,37.8,0.9961,3.32,0.64,10.52,8
6.54,0.5038,0.3189,1.34649121,0.054602154,15.08759666,41.51,0.9959,3.24,0.59,9.58,7
6.48,0.5184,0.3765,1.067398825,0.063343303,15.90498436,37.2,0.9963,3.39,0.57,11.29,8
7.01,0.6156,0.2407,2.481454818,0.066260345,12.41763278,43.13,0.9953,3.27,0.52,9.05,7
6.95,0.4998,0.3,4.290855581,0.062967602,12.83865601,39.23,0.996,3.42,0.66,12.74,9
7.56,0.4742,0.3314,3.715760888,0.052483175,13.79303934,41.63,0.9986,3.32,0.57,10.38,8
6.22,0.5001,0.2753,3.244838191,0.086474735,15.53339862,33.79,0.9922,3.31,0.64,13.47,9
6.45,0.6181,0.2091,3.746529867,0.074433522,12.3481996,36.83,0.9965,3.26,0.61,11.79,9
7.56,0.3994,0.3678,1.391357935,0.082985217,8.906393986,39.96,0.9955,3.39,0.57,9.28,7
7.39,0.4179,0.2266,1.059427439,0.072057793,16.62793001,32.6,0.9952,3.11,0.76,11.61,8
8.25,0.3243,0.233,3.800336179,0.123116931,6.884857631,39.08,0.9943,3.35,0.68,9.86,8
7.69,0.7227,0.2834,1.892577342,0.040439998,11.41779516,33.83,0.992,3.37,0.44,9.47,7
8.13,0.404,0.2728,1.698448989,0.068066634,12.60474759,50.86,0.996,3.39,0.67,9.94,8
5.83,0.3315,0.2241,3.108795016,0.049579683,10.18212976,37.56,0.9935,3.32,0.48,10.93,8
6.74,0.4391,0.3538,2.252385376,0.094012094,10.82593524,45.12,0.9974,3.6,0.66,7.84,6
9.42,0.4588,0.296,2.378102189,0.067304841,17.78396763,34.36,0.9943,3.32,0.66,11.35,9
7.67,0.6665,0.3153,2.841715924,0.085333072,23.66075331,37.88,0.9947,3.1,0.56,9.45,8
8.1,0.4735,0.2678,2.674731809,0.055163005,7.104140468,39.07,0.9952,3.3,0.61,13,9
7.53,0.5492,0.2697,0.873318291,0.080589538,12.83800959,27.47,0.9971,3.32,0.73,13.11,9
7.71,0.3409,0.3361,2.031057082,0.07690284,15.39801839,23.48,0.9974,3.22,0.61,12.67,9
6.92,0.5408,0.244,3.224457413,0.069046122,15.48180164,26.45,0.9973,3.46,0.65,12.34,9
11.49,0.3551,0.2522,1.81339326,0.140757569,6.690187128,46.86,0.9948,3.27,0.76,7.51,8
6.72,0.4886,0.2933,2.17806687,0.085630022,15.47653779,45.15,0.9973,3.2,0.51,13.87,9
7.15,0.444,0.3152,2.20965604,0.042423606,15.00362375,37.16,0.9931,3.32,0.5,11.06,8
4.29,0.5258,0.3154,0.051773782,0.123531822,17.52426676,22.84,0.9972,3.32,0.69,13.19,8
8.53,0.5834,0.2229,2.60159931,0.076550382,9.143237304,47.39,0.9967,3.35,0.5,14.43,10
6.54,0.3864,0.2158,1.888974648,0.05730339,14.72598254,34.08,0.997,3.04,0.62,10.98,8
7.13,0.4064,0.2276,3.085753439,0.065638383,10.61357392,42.49,0.9944,3.22,0.66,8.06,7
6.57,0.5394,0.3142,2.759585501,0.098798531,16.40635604,43.19,0.9956,3.34,0.68,10.37,8
7.03,0.5887,0.3141,1.705229973,0.101501488,23.38080413,52.17,0.9985,3.42,0.66,11.79,8
6.86,0.6617,0.286,2.9671752,0.089541702,19.03409905,40.23,0.9929,3.33,0.44,10.25,8
7.15,0.4728,0.2848,2.01451975,0.065288975,12.63836448,3.15,0.9964,3.22,0.62,9.25,7
7.14,0.3709,0.1874,1.812560613,0.093786231,16.28629278,46.25,0.9951,3.29,0.48,12.59,9
7.01,0.5387,0.286,1.038607562,0.085383177,15.91839663,31.41,0.9957,3.4,0.46,10.77,8
7,0.4405,0.1913,2.938768719,0.083526393,8.406186743,24.69,0.9966,3.38,0.69,10.18,8
8.77,0.4276,0.3113,2.348547797,0.081648971,25.7112297,30.51,0.9938,3.37,0.66,10.61,8
8.26,0.6608,0.2542,1.984545965,0.07499912,17.91425515,17.24,0.9971,3.43,0.77,10.54,8
8.26,0.5819,0.2821,0.934246482,0.083019592,19.92381691,47.34,0.9938,3.45,0.47,11.93,8
6.32,0.4472,0.2593,3.599398821,0.0694871,11.0335852,28.55,0.9955,3.19,0.56,12.4,9
8.71,0.5181,0.266,2.217586632,0.093199132,8.821929246,47.88,0.9927,3.23,0.6,11.98,9
8.56,0.5114,0.2143,2.840486138,0.084729254,12.40821016,38.72,0.996,3.43,0.43,9.86,8
6.54,0.5365,0.2616,2.805451137,0.118786696,15.49222609,38.25,0.9933,3.15,0.38,12.16,9
9.03,0.4794,0.2668,1.127095377,0.056123736,14.12552045,46.11,0.9967,3.4,0.52,10.06,8
6.38,0.33,0.2803,3.187461505,0.1049706,9.823703112,11.55,0.9999,3.15,0.72,11.24,8
4.99,0.4224,0.2972,2.245073189,0.061947664,18.73922493,46.56,0.9952,3.41,0.55,10.94,7
8.52,0.4668,0.294,2.297461805,0.068446824,12.04011864,41.87,0.9941,3.31,0.59,9.04,8
7.06,0.5228,0.2835,0.559268587,0.077986795,22.07706296,50.22,0.9953,3.32,0.56,10.97,8
8.37,0.4118,0.2374,3.726721873,0.111232162,14.03215991,35.64,0.9965,3.34,0.56,10.95,9
6.29,0.5386,0.205,2.60290038,0.062491122,13.20872516,43.67,0.9936,3.21,0.53,12.11,9
5.69,0.4819,0.2199,2.284168587,0.100896313,14.12608567,31.99,0.9956,3.43,0.54,13.45,9
8.68,0.4441,0.2291,1.805364193,0.099865774,14.47715061,46.22,0.9998,3.42,0.46,14.12,10
5.51,0.393,0.3123,2.441573662,0.104414422,16.44990081,47.72,0.9972,3.1,0.53,10.22,7
5.33,0.5646,0.3238,3.138357059,0.067678023,9.218957395,13.38,0.994,3.49,0.83,8.74,7
4.89,0.5624,0.2302,2.41795771,0.096679952,24.30081684,43.3,0.9963,3.21,0.64,11.11,7
3.85,0.6,0.212,2.971527521,0.080534707,18.84576466,30.24,0.9953,3.16,0.69,10.28,7
5.95,0.5749,0.1889,1.405984259,0.089656481,21.66756921,37.91,0.9948,3.18,0.58,10.3,7
4.6,0.5824,0.2388,0.667676106,0.071594045,8.932974387,37.52,0.9941,3.37,0.55,10.74,7
7.16,0.5582,0.2908,1.720480753,0.041241903,17.0342213,42.06,0.9997,2.97,0.62,10.55,8
4.52,0.3442,0.2156,2.140527561,0.08402166,19.72275982,44.6,0.9912,3.25,0.49,9.13,6
5.89,0.4921,0.3293,1.461354632,0.095883649,22.41259112,37.31,0.9978,3.24,0.81,9.65,7
10,0.3768,0.2883,2.427476396,0.098506359,6.274727294,33.98,0.995,3.26,0.53,13,10
7.61,0.6569,0.3233,2.231245694,0.087392165,10.54061341,33.5,0.9988,3.15,0.7,10.22,8
7.26,0.5186,0.2302,0.614449937,0.0729029,13.25973466,25.52,0.9934,3.3,0.51,10.31,8
5.26,0.647,0.3056,3.238930204,0.065049687,16.79372967,21.23,0.9971,3.31,0.66,13.73,9
6.91,0.417,0.2145,2.27331593,0.096455888,9.33917035,52.52,0.9981,3.25,0.63,10.3,8
7.26,0.5108,0.3046,1.345891062,0.098177258,21.1286832,25.7,0.9962,3.41,0.55,10.56,8
5.27,0.5463,0.342,0.980404772,0.079222307,9.965321608,55.95,0.9966,3.2,0.69,8.91,6
7.35,0.4869,0.3413,4.779147521,0.085182001,5.221556535,28.97,0.9943,3.28,0.53,12.95,10
8.63,0.5388,0.2434,2.008328876,0.083751761,15.76882306,46.74,0.9947,3.34,0.41,13,9
6.78,0.6682,0.2259,0.368860283,0.070130324,12.75189773,51.81,0.9952,3.14,0.67,8.66,7
6.96,0.4168,0.2617,1.042649459,0.09771727,15.30496945,35.93,0.9965,3.09,0.58,10.59,7
4.75,0.2562,0.3486,2.579862498,0.109299888,14.28646986,39.16,0.9932,3.32,0.57,10.98,7
5.52,0.6801,0.2019,1.760220696,0.046667311,21.9756915,42.04,0.9921,3.39,0.61,10.21,7
8.47,0.4408,0.1943,2.253080471,0.090539272,18.33306189,41.67,0.9942,3.48,0.56,12.12,9
6.41,0.6322,0.1677,2.455523515,0.088326523,14.49395263,32.47,0.997,3.29,0.53,10.42,8
6.08,0.5852,0.2747,2.466111223,0.076762088,8.26482999,24.22,0.9946,3.3,0.55,11.11,8
6.37,0.4983,0.185,2.460776392,0.060433943,12.7286974,42.57,0.9948,3.23,0.6,11.24,8
7.13,0.558,0.3295,2.321915244,0.114918811,12.66683347,43.96,0.9967,3.33,0.38,10.75,8
5.81,0.4059,0.352,4.114190628,0.076457233,7.368530383,33.18,0.996,3.17,0.63,7.78,7
7.35,0.5286,0.2632,2.141635476,0.114864234,18.90703755,52.01,0.9964,3.36,0.67,9.52,7
5.57,0.5794,0.3897,3.606484484,0.097654569,8.06005159,34.45,0.9969,3.29,0.54,9.12,7
8.13,0.4426,0.2817,2.707169383,0.081181488,8.034598875,47.68,0.9952,3.22,0.69,10.9,8
5.93,0.482,0.2448,3.454339231,0.076571176,11.26013617,47.42,0.9936,3.35,0.67,10.35,8
8.78,0.5513,0.2439,3.058892475,0.083728594,9.248707525,23.5,0.9929,3.37,0.52,10.14,8
7.19,0.6523,0.3416,3.63800979,0.090605893,13.00010667,48.17,0.9927,3.53,0.78,10.82,8
6.19,0.5197,0.3096,5.040514262,0.083653219,7.834054141,16.15,0.9973,3.32,0.54,10.51,8
8.29,0.4769,0.1685,2.417293582,0.071874968,13.14944811,42.55,0.9927,3.27,0.62,8.69,7
5.55,0.5054,0.176,2.944621338,0.10199532,13.57824213,32.19,0.9974,3.33,0.43,8.74,7
6.54,0.636,0.1965,4.396403907,0.113281164,16.86943932,41.11,0.9949,3.33,0.56,12.27,9
7.2,0.4558,0.2404,2.737580561,0.079573463,16.31514785,51.91,0.9968,3.3,0.63,10.73,8
7.05,0.49,0.2051,0.143424964,0.083154988,13.87960523,45.62,0.997,3.55,0.63,10.47,7
4.79,0.4568,0.2318,2.051009065,0.095027514,16.69419886,45.71,0.9957,3.43,0.62,11.73,8
6.1,0.4996,0.2289,2.141092833,0.073225359,13.64236216,49.84,0.9968,3.4,0.94,10.33,8
7.4,0.5414,0.214,2.633194011,0.038095239,21.82765457,35.2,0.9966,3.32,0.75,10.73,8
5.62,0.6234,0.376,1.855758154,0.083091921,11.31313096,45.38,0.9981,3.32,0.67,11.05,8
8.72,0.3075,0.341,4.817369766,0.101558385,12.16592328,41.35,0.9932,3.25,0.64,12.09,10
7.79,0.5755,0.359,4.683720442,0.054077315,15.00368293,35.23,0.9963,3.14,0.52,12.6,10
6.58,0.4308,0.3539,0.871028578,0.036784732,11.18467825,43.22,0.995,3.3,0.6,9.43,7
6.94,0.5793,0.2665,1.575168997,0.091920819,21.42587664,32.4,0.9948,3.3,0.7,12.36,9
9.43,0.644,0.2755,3.55808814,0.059902023,18.12666994,45.88,0.9949,3.26,0.62,10.02,8
8.32,0.6196,0.2236,1.685664765,0.051925907,18.46530646,26.47,0.9985,3.41,0.65,11.6,9
7.66,0.5358,0.2774,2.088441438,0.056371253,17.64119957,53.68,0.9932,3.34,0.67,9.63,7
5.5,0.6034,0.22,1.71178711,0.086598259,18.59719433,36.37,0.9957,3.32,0.77,8.71,7
9.16,0.4257,0.1899,3.90854756,0.106117551,11.47061819,44.54,0.9947,3.35,0.52,12.09,9
8.46,0.5132,0.2316,2.427957092,0.052649067,17.50309235,35.62,0.9977,3.18,0.63,13.34,10
7.02,0.6719,0.3136,3.755251473,0.084211185,9.61515791,32.37,0.994,3.27,0.69,10.15,8
6.54,0.4411,0.2748,1.921503677,0.085915753,10.28828518,39.06,0.9954,3.2,0.47,12.43,9
6.97,0.5397,0.3001,3.297490249,0.084196579,16.88554582,55.54,0.9979,3.4,0.49,9.83,8
5.76,0.4831,0.2709,2.236312923,0.092608574,14.76059365,40.3,0.9979,3.24,0.54,11.09,8
6.64,0.5005,0.2241,2.692493685,0.079508831,16.26682721,31.63,0.9957,3.17,0.5,10.64,8
8.12,0.5606,0.296,2.071142959,0.051389496,12.13483863,22.27,0.996,3.33,0.68,10.37,8
5.03,0.493,0.2747,2.240340938,0.084733283,11.28457927,40.64,0.9972,3.42,0.69,10.35,7
6.82,0.5197,0.3358,2.408716949,0.100882118,13.21021691,41.16,0.9958,3.17,0.56,8.96,7
7.34,0.4695,0.3377,2.750197958,0.074787964,15.30136093,31.64,0.9944,3.41,0.56,12.42,9
7.32,0.3375,0.2552,3.283551427,0.063464803,13.30314993,45.78,0.9931,3.28,0.7,9.55,8
5.79,0.5393,0.2761,1.547646127,0.096139602,19.14408623,42.01,0.9964,3.23,0.78,12.5,8
5.78,0.5639,0.2252,1.178344914,0.069304137,13.40274604,40.69,0.9937,3.45,0.79,9.66,7
8.51,0.6582,0.227,3.761130922,0.074880682,6.998481518,43.19,0.9965,3.42,0.67,9.77,8
5.73,0.5068,0.2412,4.540316692,0.09667657,17.14803802,27.93,0.9939,3.18,0.74,11.62,8
8.41,0.3805,0.2946,3.461840405,0.091489685,20.81634652,42.39,0.9964,3.42,0.69,12.18,9
6.62,0.4446,0.244,3.808688261,0.127437581,17.29520496,39.68,0.9948,3.33,0.66,12.68,9
8.5,0.574,0.3473,2.128260702,0.072129783,19.25817836,51.14,0.9945,3.33,0.69,8.42,7
6.69,0.5115,0.2937,3.115975414,0.102727539,10.7910401,34.19,1.0001,3.22,0.77,9.47,7
5.8,0.5479,0.2566,2.933866612,0.062624079,16.66260192,46.53,0.9954,3.26,0.75,12.99,9
8.23,0.4847,0.3208,2.674848835,0.122373853,17.90104417,39.87,0.9986,3.46,0.75,9.07,8
7.18,0.707,0.2333,1.650494396,0.10913704,14.74961873,49.57,0.9924,3.24,0.69,10.84,8
8.94,0.6928,0.2378,0.880504064,0.095419753,8.768101581,64.8,0.9945,3.44,0.41,9.68,8
8.27,0.4268,0.3374,3.743433094,0.05323702,15.55433955,43.08,0.9984,3.58,0.56,9.61,8
6.92,0.6109,0.2047,3.281318828,0.090862403,21.85305376,34.32,0.9949,3.23,0.51,6.76,6
6.66,0.5504,0.2625,1.841241139,0.0662337,12.52511765,41.77,0.9973,3.36,0.46,11.74,8
7.23,0.5214,0.251,2.853186295,0.094752521,25.68593447,45,0.9926,3.41,0.6,8.3,7
7.43,0.434,0.2333,2.043695939,0.08345185,14.09650886,34.81,0.9958,3.32,0.57,10.61,8
6.14,0.6822,0.3193,3.430411846,0.076614675,16.83964772,37.54,0.9949,3.14,0.49,8.83,7
8.21,0.6365,0.3131,3.030260425,0.119185743,9.930433668,36.44,0.997,3.31,0.69,11.29,9
6.72,0.3743,0.3039,4.050208677,0.063466216,4.161787694,54.77,0.994,3.37,0.54,10.67,8
6.69,0.6583,0.2712,2.630256709,0.069786232,19.54932359,40.61,0.9941,3.39,0.61,7.67,6
6.55,0.5162,0.3021,2.418566273,0.094835893,18.03511204,44.69,0.997,3.2,0.8,9.06,7
7.48,0.4602,0.1699,2.542532871,0.068522905,0.621627884,29.48,0.9959,3.34,0.55,8.84,7
6.37,0.4223,0.2498,5.299523947,0.069255933,13.85946361,27.23,0.9982,3.34,0.45,10.78,8
7.36,0.6145,0.2719,3.189504994,0.098812041,12.945394,27.36,0.9936,3.46,0.74,8.46,7
10.52,0.56,0.2405,2.612459842,0.098521268,19.43401827,42.24,0.997,3.41,0.5,10.53,9
7.14,0.4326,0.2793,3.405342517,0.119203296,18.50627675,32,0.9954,3.34,0.63,11.24,9
6.68,0.4389,0.3891,2.266644327,0.092653845,10.17569037,31.26,0.9928,3.45,0.47,10.25,8
5.2,0.4812,0.2756,2.858255052,0.101881195,19.86643674,45.9,0.996,3.37,0.65,11.72,8
7.26,0.4687,0.2906,3.517560978,0.081037344,14.80960538,49.78,0.9943,3.26,0.45,7.36,6
5.87,0.5728,0.2801,0.084744457,0.0756296,15.51686805,33.39,0.9953,3.35,0.68,9,6
6.75,0.5579,0.2101,1.179121797,0.083882315,17.28461833,4.3,0.9922,3.3,0.47,11.66,8
7.38,0.4564,0.1956,1.257045077,0.069370397,19.30513624,26.31,0.9933,3.36,0.7,12.68,9
5.12,0.3542,0.189,2.162710598,0.103323988,6.204310025,22.77,0.9979,3.52,0.49,8.84,6
7.39,0.3866,0.2841,2.150978601,0.064264374,10.46213523,55.73,0.9972,3.25,0.67,13.46,9
7.57,0.607,0.168,2.956515033,0.096132202,8.151091184,36.93,0.9944,3.38,0.58,12.63,9
5.64,0.4205,0.3021,3.17209977,0.121632567,17.75073521,28.86,0.9969,3.46,0.52,11.96,8
6.73,0.5311,0.2599,3.974417091,0.078706195,26.25821137,57.04,0.9936,3.53,0.66,11.62,9
5,0.3437,0.2926,2.182708282,0.105887155,9.454027344,26.57,0.9936,3.41,0.54,9.93,7
9.09,0.5597,0.2037,2.107934278,0.087736962,10.84017749,41.59,0.995,3.27,0.61,9.77,8
7.6,0.712,0.3476,2.027329971,0.082008042,18.61469517,31.65,0.9954,3.21,0.65,13.09,9
6.98,0.3872,0.267,1.606678141,0.097123823,20.81132681,25.17,0.9933,3.21,0.41,11.34,8
7,0.575,0.1753,2.70070396,0.0937612,17.61996633,29.92,0.9953,3.06,0.78,11.91,9
8.56,0.5472,0.3317,1.281146771,0.09050473,16.57388056,51.6,0.9976,3.34,0.72,12.63,9
7.09,0.6118,0.2063,3.654888514,0.080873034,7.737451519,38.01,0.998,3.28,0.44,9.93,8
7.6,0.5069,0.2089,2.767058622,0.066636286,13.34801333,48.35,0.9942,3.29,0.62,9.81,8
9.02,0.5473,0.2101,3.319482771,0.113762344,14.61471989,33.87,0.9951,3.26,0.63,10.31,9
6.78,0.5382,0.2545,4.121035686,0.086165906,23.70279698,32.69,0.9933,3.31,0.72,11.32,8
5.89,0.5773,0.2994,0.233060856,0.097237676,14.41900742,35.8,0.9955,3.26,0.56,9.93,7
6.21,0.4361,0.2979,2.366832108,0.123036736,14.44844304,50.39,0.9917,3.29,0.72,9.64,7
8.91,0.5392,0.3961,1.902316398,0.100422711,13.91634782,33.93,0.9969,3.28,0.84,12.2,9
7.31,0.601,0.2368,2.963277162,0.059564911,9.645783234,30.6,0.9965,3.33,0.58,8.76,7
6.6,0.6368,0.2472,3.342539427,0.058245626,25.13733816,26.21,0.9961,3.46,0.58,9.51,7
8.37,0.5696,0.2018,2.931577911,0.120702801,10.833679,34.43,0.9971,3.36,0.59,10.64,9
8.4,0.4068,0.2152,2.636706843,0.047020223,10.33401424,25.6,0.9934,3.32,0.52,13.95,10
6.63,0.3646,0.326,2.33218439,0.065847244,16.65291027,61.14,0.9979,3.18,0.44,10.72,8
6.03,0.5609,0.2448,3.428200693,0.093935183,10.51743324,42.67,0.9969,3.28,0.6,9.08,7
5.32,0.4188,0.2926,2.529244218,0.086368683,17.06764421,25,0.9951,3.44,0.71,7.78,6
5.05,0.6044,0.2716,4.197865029,0.050996479,22.10648036,45.48,0.9982,3.29,0.76,7.91,6
6.88,0.4912,0.2175,1.992062674,0.082524376,9.005353532,33.34,0.9966,3.5,0.71,11.31,8
6.13,0.6212,0.2288,4.328316166,0.12056243,13.20357335,40.26,0.9962,3.41,0.59,9.75,8
9.43,0.7326,0.1762,1.318650998,0.062651931,12.49921654,28.18,0.9958,3.19,0.52,9.18,8
7.27,0.5138,0.2599,2.774008127,0.049002716,16.41953333,37.84,0.9966,3.28,0.72,9.88,8
4.87,0.5084,0.274,2.580433185,0.067147329,18.92219166,42.95,0.9975,3.35,0.68,9.54,7
8.9,0.6213,0.2548,1.797847527,0.082547225,9.922112535,37.01,0.9917,3.4,0.54,7.99,7
7.39,0.6264,0.3197,1.146180379,0.071958297,15.20661403,49,0.9933,3.28,0.64,11.33,8
8.05,0.6902,0.2038,3.431331569,0.100616162,12.20721991,50.3,0.996,3.25,0.54,10.81,9
8.02,0.5397,0.2723,2.500977389,0.103496124,16.61170846,55.25,0.9959,3.42,0.53,12.55,9
7.56,0.4567,0.2198,3.456048566,0.107549114,10.10530429,26.2,0.9939,3.38,0.52,11.51,9
7.83,0.5208,0.289,4.28501825,0.099213174,14.35129423,42.36,0.9969,3.47,0.64,8.43,8
7.49,0.4576,0.2252,3.177156176,0.075400364,18.60345214,55.58,0.9922,3.25,0.68,8.97,7
5.87,0.544,0.3106,3.463404165,0.069329723,14.74539239,34.65,0.9977,3.17,0.56,12.06,9
7.64,0.4332,0.3019,2.121476383,0.08121848,18.54891911,51.78,0.9975,3.41,0.6,11,8
8.43,0.6102,0.2866,3.929558752,0.100827333,14.08844412,41.68,0.9947,3.36,0.56,10.89,9
6.95,0.5897,0.2829,4.032273076,0.062743404,19.19455051,31.12,0.9957,3.28,0.52,7.51,7
7.86,0.5339,0.2843,3.071922832,0.08656925,9.512765489,34.74,0.9948,3.2,0.53,10.21,8
7.7,0.5226,0.2867,2.282767382,0.100764604,10.29120506,42.3,0.9953,3.21,0.38,12.02,9
9.38,0.5004,0.2966,2.554317984,0.102941274,23.35469651,34.4,0.9973,3.24,0.51,8.25,7
6.9,0.6512,0.2523,2.655997586,0.092765089,15.3389565,51.15,0.9971,3.11,0.72,11.78,8
6.85,0.6387,0.214,2.967809544,0.058484687,23.15392684,46.99,0.996,3.41,0.56,10.87,8
7.06,0.5346,0.2678,2.494399861,0.075429136,21.91686695,36.14,0.9922,3.37,0.77,7.77,7
7.08,0.4343,0.2957,2.213614619,0.078360586,16.42464988,26.55,0.9994,3.25,0.61,10.74,8
4.47,0.4023,0.2956,2.333438455,0.042390332,9.62588797,40.93,0.9968,3.22,0.57,9.34,6
6.43,0.5488,0.3565,2.50590598,0.062252479,18.30644326,58.66,0.9953,3.3,0.59,9.68,7
7.56,0.4562,0.245,3.728417795,0.108535617,11.72622259,50.89,0.999,3.57,0.5,11.09,8
7.19,0.5676,0.1995,1.572206289,0.071143115,11.98926848,50.08,0.994,3.34,0.64,8.9,7
6.24,0.4813,0.2428,0.565134391,0.050374249,10.35645168,47.85,0.9941,3.32,0.36,10.8,7
6.4,0.5974,0.2489,0.98429414,0.089809416,13.6678585,57.7,0.9992,3.21,0.78,9.95,7
6.77,0.5407,0.2298,2.727808556,0.103714175,14.12228722,42.61,0.9966,3.21,0.59,8.85,7
6.24,0.6198,0.218,2.780910501,0.044871181,11.69084768,59.26,0.9961,3.46,0.49,8.58,7
6.58,0.2966,0.2632,3.674778544,0.076428595,7.619624821,42.2,0.9968,3.25,0.62,11.43,8
6.55,0.4973,0.2665,4.986085021,0.062472256,14.3809755,37.04,0.9971,3.34,0.6,10.38,8
8.27,0.7417,0.2181,2.339661186,0.06383815,8.221409543,55.4,0.995,3.29,0.61,11.2,9
8.42,0.2697,0.2128,3.562696973,0.060499086,17.59290417,40.85,0.9932,3.27,0.56,12.71,10
8.32,0.6043,0.2885,1.922683196,0.084844891,11.27525012,43.57,0.9985,3.25,0.64,11.28,9
7.71,0.5618,0.2936,3.605920517,0.078202461,5.868718662,42.97,0.9965,3.37,0.62,12,9
6.35,0.6486,0.2291,2.787742395,0.107804215,8.719618592,46.94,0.9977,3.18,0.57,11.13,8
8.35,0.5026,0.2614,1.308223868,0.05907427,15.07192534,40.96,0.9942,3.4,0.74,8.55,7
6.82,0.639,0.2948,2.829842627,0.110145691,16.88904821,28.57,0.9967,3.3,0.5,10.22,8
7.23,0.6417,0.2765,3.026069707,0.080587761,16.43371557,47.37,0.9921,3.15,0.56,7.95,7
8.81,0.5397,0.3481,2.890473409,0.082176797,8.95237895,42.99,0.9944,3.21,0.96,9.3,8
7.3,0.4036,0.2029,2.228362759,0.063687775,19.58817766,36.83,0.9957,3.26,0.74,12.02,9
7.5,0.6113,0.1922,3.978759499,0.088529094,20.3152955,31.95,0.9958,3.2,0.55,11.31,8
5.5,0.4227,0.3061,3.645357307,0.107705202,19.28170073,46.9,0.9986,3.18,0.5,10.53,8
7.78,0.5063,0.2875,3.194011963,0.062310734,19.00664886,30.77,0.9931,3.34,0.58,12.17,9
6.02,0.6147,0.2426,1.809216551,0.102564425,15.65370659,34.11,0.9958,3.47,0.6,11.9,8
8.41,0.6292,0.3244,2.112792263,0.066242919,18.16240425,20.51,0.9965,3.32,0.68,9.49,8
6.98,0.4852,0.2378,3.327540271,0.07083438,22.08790748,37.03,0.998,3.23,0.53,11.56,9
4.52,0.5827,0.2956,4.211660903,0.085261402,15.7929626,49.38,0.9924,3.26,0.53,7.86,6
6.77,0.3657,0.261,3.538037516,0.079245017,13.86954389,40.1,0.9971,3.28,0.5,9.8,8
6.93,0.4728,0.2312,2.324675814,0.077956444,11.47655325,29.49,0.997,3.33,0.48,10.97,8
7.78,0.6669,0.2488,2.665562403,0.07971733,8.444001087,56.66,0.9915,3.5,0.64,9.94,8
8,0.6543,0.3286,3.743052982,0.120542447,23.74355043,45.32,0.9981,3.34,0.45,11.6,9
6.81,0.5869,0.2507,1.209345405,0.083166282,16.64603585,32.63,0.9993,3.42,0.59,11.12,8
8.42,0.5058,0.3454,1.103593344,0.058209097,23.59123504,43.21,0.9949,3.33,0.44,10.92,8
3.4,0.6047,0.2778,3.557770465,0.055598766,19.15272052,37.43,0.9994,3.32,0.71,11.94,8
6.34,0.5177,0.2573,2.644805394,0.074152007,18.50671123,21.5,0.9964,3.26,0.37,10.31,8
5.87,0.5368,0.2198,1.56735252,0.117937104,23.57788381,45.21,0.9918,3.26,0.59,12.79,8
5.69,0.5288,0.3038,2.318381564,0.13142545,15.26963763,33.93,0.9954,3.42,0.56,11.83,8
8.35,0.4424,0.2803,2.157443791,0.099023366,12.86768968,57.08,0.9973,3.39,0.5,12.5,9
8.2,0.5926,0.2661,3.011839404,0.055541292,9.492019132,52.5,0.9966,3.42,0.74,11.64,9
6.27,0.413,0.275,2.383028725,0.061497091,10.94284076,30.11,0.9983,3.32,0.47,7.73,6
8.61,0.5976,0.2639,2.943515218,0.056260291,9.061419091,25.44,0.9958,3.26,0.61,11.2,9
7.32,0.4239,0.2102,4.092020489,0.061759196,13.86553187,35.9,0.9925,3.43,0.54,10.89,9
6.69,0.4478,0.3027,2.700004507,0.032110755,7.37900333,48.01,0.9985,3.2,0.76,10.79,8
6.37,0.2359,0.3629,2.402115547,0.091338973,6.845315941,46.61,0.9953,3.23,0.55,9.83,7
6.27,0.5044,0.3549,1.995150749,0.067638415,5.28240275,56.62,1.0004,3.32,0.64,13.88,9
7.77,0.5389,0.2753,2.032224704,0.117261739,11.67182193,41.46,0.9962,3.32,0.65,12.74,9
7.98,0.6027,0.2573,2.399840821,0.088243843,13.78384736,25.6,0.9972,3.19,0.73,9.74,8
7.49,0.6511,0.2742,3.528330688,0.094531931,5.190388592,36.62,0.9937,3.28,0.53,8.23,7
4.74,0.371,0.2389,3.295971526,0.043901519,12.11508011,27.35,0.9911,3.22,0.59,8.4,6
7.56,0.6185,0.2841,1.027763532,0.069972661,22.5209267,50.33,0.9963,3.58,0.63,12.19,9
7.88,0.4736,0.2887,4.380263106,0.055661372,21.63345021,45.21,0.9963,3.3,0.52,9.18,8
6.4,0.5128,0.2099,1.956284754,0.047140751,15.74208432,34.12,0.9956,3.45,0.74,11.48,8
7.25,0.5095,0.2536,1.959211143,0.091609954,12.53631267,38.98,0.9961,3.32,0.57,10.26,8
4.96,0.475,0.3137,2.333528212,0.081282944,9.912024769,53.63,0.997,3.36,0.68,11.45,8
5.72,0.431,0.315,4.562063387,0.049045431,14.24286113,53.58,0.9961,3.26,0.56,10.53,8
6.81,0.5479,0.2071,3.143194534,0.106204133,14.54504827,37.98,0.9988,3.39,0.47,9.97,8
6.83,0.6011,0.3248,2.733658445,0.092337114,19.44270703,35.73,0.9965,3.49,0.59,12.03,9
7.62,0.394,0.2557,1.920218961,0.067186779,17.53961795,49.94,0.9986,3.38,0.54,11.71,9
5.78,0.5181,0.2687,2.682477352,0.091128458,15.54734768,33.55,0.9981,3.26,0.61,11.04,8
6.79,0.4571,0.2619,4.78168286,0.083208478,14.73011995,31.07,0.9992,3.23,0.59,11.33,9
6.61,0.6296,0.1643,3.374326925,0.067758689,10.57308631,42.39,0.9965,3.42,0.67,10.24,8
7.83,0.5694,0.2911,2.059140021,0.06543007,3.032138635,38.74,0.9988,3.2,0.54,9.09,7
8.91,0.6709,0.1896,2.158282887,0.094141109,18.25226131,35.41,0.996,3.24,0.68,11.21,9
9.27,0.3651,0.3115,3.106927675,0.086469357,11.66973571,57.13,0.9953,3.38,0.54,10.92,9
5.32,0.6234,0.2049,3.464645992,0.049959633,19.53975378,38.76,0.9939,3.35,0.61,8.8,7
7.14,0.5363,0.323,1.353004048,0.095288071,13.40178433,37.55,0.9942,3.17,0.59,11.31,8
5.86,0.4475,0.2816,2.891144644,0.054807699,14.08380803,36.67,0.9923,3.28,0.56,11.38,8
7.12,0.5689,0.3004,3.223281843,0.069240507,11.17399436,41.32,1,3.31,0.65,9.63,8
7.71,0.6766,0.2341,3.761100177,0.096856549,21.3236476,37.25,0.9972,3.4,0.67,12.34,9
7.3,0.6805,0.1796,1.295616304,0.076838253,15.5568361,40.32,0.9995,3.3,0.74,10.86,8
7.14,0.6022,0.221,4.80708653,0.097896067,9.113502325,23.31,0.995,3.19,0.46,8.59,7
8.98,0.4208,0.286,2.094589983,0.118252647,12.40876031,28.42,0.9934,3.5,0.88,10.73,8
8.07,0.551,0.2928,2.061907813,0.065521224,7.381859378,55.2,0.9962,3.42,0.68,12.07,9
6.87,0.5542,0.227,2.000103222,0.09230853,14.8755005,50.57,0.9954,3.23,0.63,10.98,8
7.23,0.6442,0.3363,3.08764684,0.097487175,8.04928425,51.57,0.9982,3.33,0.67,9.44,8
8.25,0.5035,0.269,1.573458406,0.105008527,7.389243939,38.75,0.9956,3.42,0.66,10.48,8
7.93,0.5216,0.188,4.236982224,0.082689186,25.13624294,27.86,0.9954,3.16,0.75,10.75,9
6.69,0.4546,0.2835,2.040450452,0.062078633,25.54832228,49.65,1.0007,3.35,0.56,9.09,7
5.07,0.5868,0.2314,2.625821968,0.049330774,14.81568236,48.78,0.9924,3.24,0.43,6.22,5
5.78,0.4985,0.3111,1.38005343,0.094759054,20.92522467,31.85,0.9954,3.22,0.46,14.22,9
7.38,0.5386,0.2812,1.978113046,0.100404276,12.31915356,67.71,0.9974,3.28,0.59,10.71,8
5.06,0.473,0.2775,0.486569948,0.099823811,11.96387205,45.87,0.995,3.28,0.65,11.05,7
7.02,0.5247,0.2556,2.4712916,0.093245755,17.78991033,48.29,0.995,3.25,0.55,9.73,8
6.66,0.412,0.3262,2.396857542,0.059186872,18.63362941,28.23,0.9986,3.14,0.49,10.51,8
8.4,0.5361,0.2246,0.738686843,0.099076971,14.46570846,60.78,1.0003,3.24,0.47,12.52,9
5.62,0.4597,0.2868,2.31483328,0.041796328,21.44584851,41.54,0.998,3.27,0.71,11.23,8
4.88,0.5899,0.2721,3.004076821,0.095568957,22.2888639,45.74,0.9947,3.23,0.79,8.57,6
6.7,0.7047,0.2183,3.854566765,0.058841216,19.88609226,39.04,0.9995,3.27,0.66,13.43,9
7.96,0.6046,0.2662,1.592047797,0.057554591,14.89244452,44.61,0.9975,3.35,0.54,10.41,8
8.48,0.408,0.2227,0.681955411,0.051627243,23.54896536,25.83,0.9972,3.41,0.46,9.91,8
6.11,0.4841,0.372,2.377267103,0.042805697,21.62458515,48.75,0.9928,3.23,0.55,9.94,7
7.76,0.359,0.3208,4.294486017,0.098276444,12.74618603,44.53,0.9952,3.3,0.66,9.76,8
5.87,0.5214,0.1883,2.179490487,0.052923205,16.20386395,24.37,0.9983,3.29,0.7,10.17,7
